companyUrl,companyId,regularCompanyUrl,companyName,logoUrl,description,companyType,name,employeesCount,location,query,timestamp
https://www.linkedin.com/sales/company/42800798,42800798,https://www.linkedin.com/company/42800798,EASY Gestion locative,https://media-exp1.licdn.com/dms/image/C560BAQGHvg3flECBPg/company-logo_100_100/0/1588253336406?e=1643241600&v=beta&t=Wd3c5tuKWDf_prXHzHqku2d6xIYm14Rb_1a9tDtXMD4,"""Confier la gestion locative d’un bien immobilier à un professionnel, c’est déléguer toute la gestion administrative et opérationnelle de la location de votre bien. Concrètement, vous donnez un mandat à votre gestionnaire pour qu’il se substitue à vous et ce à chaque étape et tout au long de la location de votre bien : recherche d’un locataire, rédaction et signature d’un bail, indexation, réception des loyers, maintenance, …""",Immobilier,EASY Gestion locative,1-10 employés,"Chaudfontaine, Région wallonne, Belgique",https://www.linkedin.com/sales/search/company?geoIncluded=100565514&keywords=gestion%20locative&searchSessionId=4LjE9GelQ6mqyIb05%2FYnXg%3D%3D,2021-10-25T12:29:36.506Z
https://www.linkedin.com/sales/company/22483095,22483095,https://www.linkedin.com/company/22483095,ICARE - Gestion locative,,,Immobilier,ICARE - Gestion locative,,"Liège, Région wallonne, Belgique",https://www.linkedin.com/sales/search/company?geoIncluded=100565514&keywords=gestion%20locative&searchSessionId=4LjE9GelQ6mqyIb05%2FYnXg%3D%3D,2021-10-25T12:29:36.506Z
https://www.linkedin.com/sales/company/76509737,76509737,https://www.linkedin.com/company/76509737,OP-IMACT,https://media-exp1.licdn.com/dms/image/C4D0BAQEuwM5yDi641A/company-logo_100_100/0/1633427702722?e=1643241600&v=beta&t=ArHXbWGZux3HR91s7D9qfikB5uBNx-39PXMrhHCXmlo,"Immo Imact est leader dans les métiers de syndic d’immeubles et de gestion locative en province de Namur. En juillet 2021 Immo Imact intègre le groupe OP et devient OP-IMACT.

Depuis 1875, L’ADN de l’OP, est de valoriser le patrimoine immobilier de ses clients. L’équipe d’IMMO IMACT s’est directement reconnue dans cette philosophie.

>OP IMACT SYNDIC :
 Une agence immobilière multiservices qui s’engage avec vous dans la gestion de votre copropriété :La gestion d’une copropriété n’est jamais une démarche anodine. Il s’agit d’entrer dans la vie de celles et ceux qui nous font confiance, partager une part de leur intimité et les conseiller au mieux pour que leur choix leur ressemble. Nous envisageons notre métier de gestionnaire de copropriété sur base de valeurs partagées.

>OP IMACT GESTION : 
La gestion locative  de biens : Faites appel à un régisseur immobilier pour s’occuper de la gestion au jour le jour de votre bien mis en location ! OP-Imact met ses experts à votre disposition afin de vous décharger des contraintes administratives, techniques, comptables et financières de votre patrimoine immobilier à Namur.",Immobilier,OP-IMACT,11-50 employés,"Namur, Région wallonne, Belgique",https://www.linkedin.com/sales/search/company?geoIncluded=100565514&keywords=gestion%20locative&searchSessionId=4LjE9GelQ6mqyIb05%2FYnXg%3D%3D,2021-10-25T12:29:36.506Z
https://www.linkedin.com/sales/company/2827524,2827524,https://www.linkedin.com/company/2827524,"Ludwig9, syndic d'immeubles engagé",https://media-exp1.licdn.com/dms/image/C4D0BAQHP8yBIQA-IyQ/company-logo_100_100/0/1519913621525?e=1643241600&v=beta&t=Yxb1rEnDMBoAQW9IfL59P3l-mxyJFZwktx-yua978CQ,"Ludwig9, syndic engagé ! De Namur à Arlon.

Depuis plus de 10 ans maintenant, nous accompagnons les copropriétés dans leur gestion avec nos valeurs inébranlables : transparence, méthode, professionnalisme et indépendance.

Dès sa création, la société a pour unique mission la gestion d'immeubles.  Nous laissons le soin à nos confrères d'offrir des services de courtage et gestion locative afin de ne pas provoquer de conflits d'intérêts.

Concernant les services nécessaires dans les copropriétés, là aussi nous faisons confiance à des professionnels sélectionnés pour rencontrer les besoins spécifiques des copropriétés.  En toute indépendance et en toute neutralité.  Dans cet esprit, le conflit d'intérêt est là aussi inexistant et cette politique, bien connue des fournisseurs, permet une plus grande exigence.

Considérant la gestion d'immeubles comme une mission à haute valeur ajoutée, notre équipe est composée d'employés fidèles, consciencieux qui ont à cœur de maîtriser chaque cm² de leurs immeubles.  Nous sommes très fiers de proposer une équipe qualifiée, stable et engagée à nos copropriétaires.

Depuis 2015, Ludwig9 s'est engagé dans une démarche de réduction de coûts pour les copropriétaires et met en place avec des fournisseurs sélectionnés des contrats-cadre permettant aux immeubles d'obtenir des avantages financiers ou qualitatifs.  En toute transparence.  Cela est possible grâce à la qualité de notre portefeuille.

N°BCE : 0643.839.379
N°IPI 508.663
www.ipi.be",Immobilier,"Ludwig9, syndic d'immeubles engagé",1-10 employés,"Namur, Région wallonne, Belgique",https://www.linkedin.com/sales/search/company?geoIncluded=100565514&keywords=gestion%20locative&searchSessionId=4LjE9GelQ6mqyIb05%2FYnXg%3D%3D,2021-10-25T12:29:36.507Z
https://www.linkedin.com/sales/company/23450818,23450818,https://www.linkedin.com/company/23450818,IMMOBILIERE VANESSE,https://media-exp1.licdn.com/dms/image/C4D0BAQGrPxZAKx2uJg/company-logo_100_100/0/1545236259950?e=1643241600&v=beta&t=VkcWmzsNzCzoHhXuBl8G3zER6K9h8shcUdOoGMssbK4,"Nous sommes spécialisés dans la vente et la location depuis 1988! A chacun son métier, nous ne proposons pas de crédits hypothécaires, d'assurances, de prêts personnels, etc.

Nous consacrons toute notre énergie à la vente ou à la location de votre bien. 

Nous vous proposons également divers services immobiliers plus spécifiques:

° Etats des lieux: réaliser un dossier photographique précis et commenté afin de protéger votre bien des dégâts des locataires.

° Gestion locative: représenter les propriétaires dans le cadre du bail (contacts avec les locataires, constituer la garantie locative, vérifier le bon entretien de l'immeuble, possibilité d'assurer le paiement du loyer, ...)

° Syndic: gérer la copropriété (organisation des assemblées générales, paiement des factures communes, entretien des communs, ...).
",Immobilier,IMMOBILIERE VANESSE,1-10 employés,"Oupeye, Région wallonne, Belgique",https://www.linkedin.com/sales/search/company?geoIncluded=100565514&keywords=gestion%20locative&searchSessionId=4LjE9GelQ6mqyIb05%2FYnXg%3D%3D,2021-10-25T12:29:36.507Z
https://www.linkedin.com/sales/company/73500879,73500879,https://www.linkedin.com/company/73500879,Immo J'iDée,https://media-exp1.licdn.com/dms/image/C4E0BAQE8AjZWrKLuXQ/company-logo_100_100/0/1606815497220?e=1643241600&v=beta&t=cKJtXJ-DAF4yHLq5JlgSXeHbCbCb8KaMe-y6a7xUXwg,"L'agence immobilière est située sur Arlon (Be) et Eischen (Lux).
Elle offre des services de vente, location, gestion locative, syndic, état des lieux et expertises. ",Immobilier,Immo J'iDée,1-10 employés,"Arlon, Région wallonne, Belgique",https://www.linkedin.com/sales/search/company?geoIncluded=100565514&keywords=gestion%20locative&searchSessionId=4LjE9GelQ6mqyIb05%2FYnXg%3D%3D,2021-10-25T12:29:36.507Z
https://www.linkedin.com/sales/company/67335647,67335647,https://www.linkedin.com/company/67335647,IMMOLAB,https://media-exp1.licdn.com/dms/image/C560BAQFoFTA-Ic6haQ/company-logo_100_100/0/1592220514011?e=1643241600&v=beta&t=rWbtsUjwuAPwLEePNFKa1aqzgZkoiWxlA-96Aupuywc,"IMMOLAB est une agence immobilière liégeoise qui se caractérise par sa réactivité, son sens de l’écoute et son souci de satisfaction de la clientèle.

IMMOLAB est l’Agence immobilière de la SA CONSORTIUM IMMOBILIER EUROPEEN (BCE : BE 0437 360 924), laquelle est active dans le secteur immobilier depuis plus de trente années.

Cette expérience et le caractère international de la société permettent à ImmoLab de faire bénéficier à ses clients d’un réseau solide qui facilite les transactions immobilières et les investissements. 

Grâce à ses bureaux situés dans un immeuble de prestige Quai Marcellis, l’Agence vous offre un cadre favorable et une atmosphère agréable permettant de définir au mieux vos besoins et vos attentes.

Outre ces services classiques d’agence, ImmoLab propose quatre services complémentaires : courtage immobilier, gestion locative intégrale, architecture d’intérieur et conseils juridiques.

Dans un souci de satisfaction clientèle et de services sur-mesure, nos bureaux sont exclusivement ouverts en fin de journée de 17h15 à 19h30 et sur rendez-vous le weekend.

N'hésitez pas à prendre contact avec nous.
www.immo4lab.be
info@immo4lab.be",Immobilier,IMMOLAB,1-10 employés,"Liège, Région wallonne, Belgique",https://www.linkedin.com/sales/search/company?geoIncluded=100565514&keywords=gestion%20locative&searchSessionId=4LjE9GelQ6mqyIb05%2FYnXg%3D%3D,2021-10-25T12:29:36.507Z
https://www.linkedin.com/sales/company/69499705,69499705,https://www.linkedin.com/company/69499705,Foncium,https://media-exp1.licdn.com/dms/image/C4D0BAQHxzYPhhoSQrw/company-logo_100_100/0/1604399309648?e=1643241600&v=beta&t=jBnUihZ_YEgYNx-K9tFfrOWFD6DSDeCaqfnTrFiHGGI,"FONCIUM est une société experte et dynamique créée en 2017. C'est le résultat de la centralisation, au sein d'une seule et même structure, de trois métiers que nous pratiquons avec passion depuis plus de 10 années. A savoir, le syndic, la gestion locative et la vente. 
Des logiciels dernier cri nous permette de vous conseiller de manière rigoureuse et transparente. De cette manière, nous vous permettons de faire un grand pas vers la digitalisation.
Nous avons des services sur mesure pour notre clientèle afin de répondre aux demandes les plus diverses.
Notre personnel se forme constamment pour s'adapter aux nouvelles législations immobilières afin de garantir un suivi de qualité.

N'hésitez pas à nous contacter pour plus d'informations au 0495/805.735 ou sur info@foncium.be",Immobilier,Foncium,1-10 employés,"Liège, Région wallonne, Belgique",https://www.linkedin.com/sales/search/company?geoIncluded=100565514&keywords=gestion%20locative&searchSessionId=4LjE9GelQ6mqyIb05%2FYnXg%3D%3D,2021-10-25T12:29:36.507Z
https://www.linkedin.com/sales/company/10932299,10932299,https://www.linkedin.com/company/10932299,Gestimax Property Management,https://media-exp1.licdn.com/dms/image/C560BAQH9wR72AFS1Aw/company-logo_100_100/0/1519901642970?e=1643241600&v=beta&t=Mg3aie4PuTljc17GEbMu13_Z2VK9Iv6AqdHuNyKfIXw,"Gestimax est un bureau spécialisé en gestion immobilière proposant ses services de gestion locative et financière à Bruxelles et en Wallonie. 

La mise en location d’un bien immobilier et sa gestion tout au long du bail exigent une grande disponibilité, une connaissance approfondie du marché immobilier local et contraint le propriétaire de se tenir constamment informé des modifications de la législation applicable en matière de bail. 

Déchargez-vous de toutes ces difficultés et confiez la gestion immobilière de votre patrimoine à un gestionnaire professionnel efficace et réactif pour la gestion privative de votre immobilier. 

Nous mettons à disposition de nos clients notre savoir-faire et notre expérience à travers une offre de gestion immobilière claire, transparente et personnalisée à ses besoins. .",Immobilier,Gestimax Property Management,1-10 employés,"Bruxelles, Région de Bruxelles-Capitale, Belgique",https://www.linkedin.com/sales/search/company?geoIncluded=100565514&keywords=gestion%20locative&searchSessionId=4LjE9GelQ6mqyIb05%2FYnXg%3D%3D,2021-10-25T12:29:36.507Z
https://www.linkedin.com/sales/company/40916123,40916123,https://www.linkedin.com/company/40916123,5BRICKS,https://media-exp1.licdn.com/dms/image/C4D0BAQGRdzu8jiB-Wg/company-logo_100_100/0/1583905651645?e=1643241600&v=beta&t=qHUccHdyMQPIykF6B0ls4kJqvrV_e1s0qgvj1qWCwaE,"L’AGENCE NOUVELLE GÉNÉRATION DE COURTAGE & DE MARKETING IMMOBILIERS
Chez 5BRICKS, nous vous offrons à la fois l’expertise et les services d’une agence immobilière & d’une agence marketing. Nous utilisons les dernières technologies et les outils marketing les plus performants pour vous proposer une approche intégrée de votre bien et créer ainsi plus de valeur.
Notre devise : “MORE SERVICE, MORE VALUE”
Notre mission : Aider nos clients à réaliser avec succès tous leurs projets immobiliers, en leur offrant des services immobiliers uniques, personnalisés & innovants qui vont leur faciliter la vie et leur faire économiser du temps, de l’argent et de l’énergie.
Nos 5 services : Vente - Location - Achat - Gestion locative - Rénovation
Nos 5 valeurs : Service - Transparence - Confiance - Passion - Innovation
Notre engagement : Maximiser la valeur et le potentiel du patrimoine immobilier de nos clients
Notre principal atout : La garantie de vendre le plus cher possible grâce à notre commission liée au résultat (2% + ""success fee""​)
",Immobilier,5BRICKS,1-10 employés,"Bruxelles, Région de Bruxelles-Capitale, Belgique",https://www.linkedin.com/sales/search/company?geoIncluded=100565514&keywords=gestion%20locative&searchSessionId=4LjE9GelQ6mqyIb05%2FYnXg%3D%3D,2021-10-25T12:29:36.507Z
https://www.linkedin.com/sales/company/18369133,18369133,https://www.linkedin.com/company/18369133,Century 21 Immo BW,https://media-exp1.licdn.com/dms/image/C560BAQHzeQI2eYV76w/company-logo_100_100/0/1594897744385?e=1643241600&v=beta&t=mW2S2yJNXPJbF5Grfx5NkhkWtkc1aWRmYCukTXnBsu4,"Century21 Immo BW, c'est l'agence immobilière favorite des habitants du Brabant Wallon. 
À sa tête, Michel Groulus, dont les valeurs principales demeurent la proximité et le suivi individuel de la clientèle. 

De la vente à l'acquisition de votre bien, toute l'équipe de Century 21 Immo BW vous accompagnera. Une gestion unique qui passe également par la gestion locative, le syndic ou le viager, bref, une expérience complète et variée permettant au client une confiance totale.",Immobilier,Century 21 Immo BW,1-10 employés,"Wavre, Région wallonne, Belgique",https://www.linkedin.com/sales/search/company?geoIncluded=100565514&keywords=gestion%20locative&searchSessionId=4LjE9GelQ6mqyIb05%2FYnXg%3D%3D,2021-10-25T12:29:36.507Z
https://www.linkedin.com/sales/company/10238569,10238569,https://www.linkedin.com/company/10238569,Immo-1,https://media-exp1.licdn.com/dms/image/C4E0BAQEO1S-N-H386w/company-logo_100_100/0/1519900667152?e=1643241600&v=beta&t=YhzfO_7-S7AQtTnAdGHxfNMYTkqXg44qNnukv3SwT4Y,"Immo-1 est une agence immobilière spécialisée dans le courtage (achat, vente, location) et la gestion locative de biens immobiliers. 

Son secteur d'activité s'étend sur la périphérie liégeoise mais aussi sur le territoire du Limbourg. 

Nous fournissons à nos clients un résultat grâce à un service ""sur mesure"" fourni par une équipe d'agents immobiliers agréés IPI dynamiques, polyvalents et créatifs. 

Email : info@immo-1.be 
Website : www.immo-1.be",Immobilier,Immo-1,1-10 employés,"Herstal, Région wallonne, Belgique",https://www.linkedin.com/sales/search/company?geoIncluded=100565514&keywords=gestion%20locative&searchSessionId=4LjE9GelQ6mqyIb05%2FYnXg%3D%3D,2021-10-25T12:29:36.507Z
https://www.linkedin.com/sales/company/10024837,10024837,https://www.linkedin.com/company/10024837,Immo 5 Expert,https://media-exp1.licdn.com/dms/image/C4E0BAQGLlWPg_Zlfag/company-logo_100_100/0/1519881271055?e=1643241600&v=beta&t=BRn8oet8sJHcLpepz2rcbrcsJw6Uvuaj3GOkkd2aBcs,"La gestion locative de biens immobiliers demande une grande disponibilité et peut présenter de nombreuses difficultés. Confiez la gestion locative de vos maisons ou appartements à un professionnel, déchargez-vous de vos contraintes et rentabilisez au mieux votre patrimoine immobilier. En dehors d'un gain de temps indéniable, une bonne gestion constitue en effet la seule possibilité de valoriser votre bien !

IMMO 5 EXPERT vous propose une gestion locative compétente et personnalisée, en accord avec la législation, les normes et les aspects administratifs, techniques, juridiques et comptables en vigueur. Tout en restant à l'écoute de vos attentes, nous vous garantissons une prise en charge intégrale dans un souci de clarté, de transparence et de confidentialité.",Immobilier,Immo 5 Expert,1-10 employés,"Bruxelles, Région de Bruxelles-Capitale, Belgique",https://www.linkedin.com/sales/search/company?geoIncluded=100565514&keywords=gestion%20locative&searchSessionId=4LjE9GelQ6mqyIb05%2FYnXg%3D%3D,2021-10-25T12:29:36.507Z
https://www.linkedin.com/sales/company/17987429,17987429,https://www.linkedin.com/company/17987429,ELLIPSIS Immo,https://media-exp1.licdn.com/dms/image/C510BAQHRoDGZ8K_6RQ/company-logo_100_100/0/1519876142634?e=1643241600&v=beta&t=SUNWqpP1Eil2-l1tRqF9ZRux7HjRp7LPgvMw7vAQzOU,"ELLIPSIS Immo est une agence immobilière à taille humaine spécialisée en Vente, Location et Gestion Locative sur Bruxelles et sa périphérie. Nous vous proposons des conseils financiers, juridiques et fiscaux; une estimation réaliste ; une mise en valeur de votre bien ; une commercialisation sur mesure et une prise en charge administrative en fonction de vos souhaits ou besoins, l’ensemble en toute sérénité et tranquillité. L'expérience, l'expertise et la passion au service de l'efficacité.

Un 1er contact, un 1er conseil sans engagement?  N'hésitez pas à nous contacter !
                                                                                                                               
                  ELLIPSIS, L'IMMOBILIER EN TOUTE TRANQUILLITÉ.",Immobilier,ELLIPSIS Immo,1-10 employés,"Bruxelles, Région de Bruxelles-Capitale, Belgique",https://www.linkedin.com/sales/search/company?geoIncluded=100565514&keywords=gestion%20locative&searchSessionId=4LjE9GelQ6mqyIb05%2FYnXg%3D%3D,2021-10-25T12:29:36.507Z
https://www.linkedin.com/sales/company/20559407,20559407,https://www.linkedin.com/company/20559407,Gestionloc,https://media-exp1.licdn.com/dms/image/C4D0BAQEpxdlXrLdwpQ/company-logo_100_100/0/1566892131171?e=1643241600&v=beta&t=81xUf8HFCCuuJph91XEfID4ozZV1EhalaHLGWvfh1_A,Nous nous occupons d’une part de la gestion locative de votre bien et d’autre part de son ameublement. Ceci afin de vous offrir une tranquillité absolue et une gestion optimale sur le long terme.,Immobilier,Gestionloc,1-10 employés,"Bruxelles, Région de Bruxelles-Capitale, Belgique",https://www.linkedin.com/sales/search/company?geoIncluded=100565514&keywords=gestion%20locative&searchSessionId=4LjE9GelQ6mqyIb05%2FYnXg%3D%3D,2021-10-25T12:29:36.507Z
https://www.linkedin.com/sales/company/14507316,14507316,https://www.linkedin.com/company/14507316,Codim - Services immobiliers,https://media-exp1.licdn.com/dms/image/C510BAQHvLUCuEPx83A/company-logo_100_100/0/1544128554851?e=1643241600&v=beta&t=nmiCDZNI2uBF31stmockJrejpkv2GCL5CeM4Abk-UnA,"En tant qu’investisseur dans le secteur de l’immobilier, j’ai visité beaucoup de maisons et d’appartements, partout en Belgique francophone.
Cette activité m’a mis en rapport avec nombre d’agences et souvent mon expérience avec elles était plutôt décevante.
J’ai trouvé qu’il était possible de faire mieux. 

L’achat d’un bien immobilier est le projet d’une vie pour la plupart d’entre nous. Il est donc important d’appréhender cette expérience avec un interlocuteur expérimenté et à l’écoute. C’est ainsi que l’idée m’est venue de créer CODIM.

Issu  du monde de l’informatique, je suis précis, j’ai un esprit d’analyse et suis rôdé aux nouvelles technologies. 
 Ma certification d’état de coach professionnel me donne des atouts dans la communication, de même que dans l’aspect commercial de la profession. 

Etant personnellement propriétaire-bailleur depuis des années, j’ai acquis un 
savoir-faire et je peux m’appuyer sur des compétences utiles que je mettrai à votre service. 

Je me suis d’abord vu confier par des propriétaires, la gestion de leurs biens mis en location et progressivement leurs demandes m’ont conduit à étendre mes services à la location et à la vente.   
Pour les propriétaires qui souhaitent malgré tout vendre eux-mêmes, j’ai créé un service de coaching immobilier performant afin de les seconder au mieux dans cette tâche.  

 
Les points forts de CODIM sont :

L’analyse et la connaissance approfondie du bien à vendre ou à louer,
La vérification précise de toutes les dispositions légales,
Les outils technologiques et un marketing des plus performants,
Une formation permanente 
Une solide expérience en gestion locative.
. 
L'accompagnement, l'écoute et la réactivité sont inscrits dans l'ADN de CODIM. .
Nous développerons  avec vous une relation de confiance, authentique et transparente.
Enfin, notre originalité  en matière de communication fera la différence. ",Immobilier,Codim - Services immobiliers,1-10 employés,"Eghezée, Région wallonne, Belgique",https://www.linkedin.com/sales/search/company?geoIncluded=100565514&keywords=gestion%20locative&searchSessionId=4LjE9GelQ6mqyIb05%2FYnXg%3D%3D,2021-10-25T12:29:36.508Z
https://www.linkedin.com/sales/company/10847831,10847831,https://www.linkedin.com/company/10847831,Smovin,https://media-exp1.licdn.com/dms/image/C4D0BAQH6Eod0wAkYlA/company-logo_100_100/0/1589796377213?e=1643241600&v=beta&t=xNK3jCEZUX4FLdEKwQMAXFcYAFhFtWltM6R3GHHxnHY,"Suivi automatique des loyers, envoi de rappels de paiement, calcul d’indexation, gestion de fin de bail… Le tout en quelques clics ! Grâce à notre savoir-faire et le top des nouvelles technologies, toutes les informations dont vous avez besoin sont accessibles partout, à tout moment. Notre priorité ? Améliorer continuellement notre produit grâce aux retours de nos utilisateurs.",Immobilier,Smovin,11-50 employés,"La Hulpe, Région wallonne, Belgique",https://www.linkedin.com/sales/search/company?geoIncluded=100565514&keywords=gestion%20locative&searchSessionId=4LjE9GelQ6mqyIb05%2FYnXg%3D%3D,2021-10-25T12:29:36.508Z
https://www.linkedin.com/sales/company/28849504,28849504,https://www.linkedin.com/company/28849504,SOGIS,https://media-exp1.licdn.com/dms/image/C560BAQGMh8SAFONEjQ/company-logo_100_100/0/1570113226647?e=1643241600&v=beta&t=0khB16td6ileyKsi60XR5H7Iau5XAkccjH2Lj8hKBik,"Sogis SPRL/BVBA est un éditeur belge de logiciels immobiliers, filiale du groupe easySolutions, basé au Luxembourg.

Avec 16 années d’expériences, le groupe est devenu un acteur majeur du marché européen francophone, en étant installé en Belgique, en France et au Luxembourg.

Fort de plusieurs centaines de cabinets de Syndic et de Gestion, Sogis est devenue la référence sur le marché Belge, en offrant des logiciels souples, complets, et surtout  évolutifs. 

Sogis dispose d’une équipe de 30 collaborateurs, dont 14 développeurs, 4 HelpDesk et  2 formateurs. ",Logiciels informatiques,SOGIS,11-50 employés,"Nivelles, Région wallonne, Belgique",https://www.linkedin.com/sales/search/company?geoIncluded=100565514&keywords=gestion%20locative&searchSessionId=4LjE9GelQ6mqyIb05%2FYnXg%3D%3D,2021-10-25T12:29:36.508Z
https://www.linkedin.com/sales/company/12906802,12906802,https://www.linkedin.com/company/12906802,Log'Iris,https://media-exp1.licdn.com/dms/image/C560BAQEvtESeHr2t0A/company-logo_100_100/0/1519868369424?e=1643241600&v=beta&t=Y7hcxpnZMCakCxIKIrYvT9bqYjNEJI6CSrSJDZ-CPDQ,Log'Iris est une Société Immobilière de Service Public (SISP) née de la fusion entre Le Foyer Etterbeekois et Le Foyer Koekelbergeois. Elle est agréée par la Société du Logement de la Région de Bruxelles-Capitale (SLRB). Elle assure la gestion et la mise en location de quelques 2.000 logements sociaux répartis sur le territoire des communes d'Etterbeek et de Koekelberg. ,Immobilier,Log'Iris,51-200 employés,"Bruxelles, Région de Bruxelles-Capitale, Belgique",https://www.linkedin.com/sales/search/company?geoIncluded=100565514&keywords=gestion%20locative&searchSessionId=4LjE9GelQ6mqyIb05%2FYnXg%3D%3D,2021-10-25T12:29:36.508Z
https://www.linkedin.com/sales/company/18112370,18112370,https://www.linkedin.com/company/18112370,Gestis Sprl,https://media-exp1.licdn.com/dms/image/C4D0BAQEYSpchuikYqQ/company-logo_100_100/0/1519865395292?e=1643241600&v=beta&t=lTUT-3_imLJY7k5VlS5zXd8UCYhX4cTTJVZFL5Yt89g,"L’immobilier est plus que jamais un facteur d’investissement rentable et durable. Les faibles taux d’intérêt, le besoin accru de logements, et les risques sur les marchés financiers, placent l’immobilier comme un vecteur d’investissement majeur en Belgique.

Néanmoins, le rythme de vie actuel, composé d'une activité professionnelle au moins, d'une famille, d'un ménage, et d'un minimum de loisirs, ne laissent que peu de place à la gestion de son patrimoine immobilier. Enfin, la gestion des relations humaines n'est pas toujours chose aisée. Une bonne relation avec son locataire, une bonne communication quant aux devoirs de celui-ci et la gestion de conflits éventuels avec ce dernier, sont autant difficultés que l'on peut rencontrer.

La société Gestis est consciente de ces réalités, et souhaite vous conseiller à faire grandir et/ou fructifier votre patrimoine immobilier.

Pour ce faire, elle propose de s'occuper de la gestion, la location et la vente de votre patrimoine privé.

Collaborer avec Gestis, société professionnelle et axée sur la relation humaine avec ses clients, vous garantit:

Une gestion professionnelle de votre patrimoine immobilier
Des spécialistes juridiques, comptables et techniques, à disposition en interne ou en free-lance
Une maîtrise parfaite des législations relatives à la gestion de votre bien
Une expertise dans la gestion de conflits, récupération de créances ou dossiers judiciaires
Une spécialisation dans la gestion des assurances et sinistres
Une garantie de prix négociés avec des sous-traitants, que ce soit pour les énergies, pour l’entretien de votre bien ou pour la demande de devis relatifs à des travaux à réaliser",Immobilier,Gestis Sprl,1-10 employés,"Liège, Région wallonne, Belgique",https://www.linkedin.com/sales/search/company?geoIncluded=100565514&keywords=gestion%20locative&searchSessionId=4LjE9GelQ6mqyIb05%2FYnXg%3D%3D,2021-10-25T12:29:36.508Z
https://www.linkedin.com/sales/company/13032402,13032402,https://www.linkedin.com/company/13032402,B-Smart Estate,https://media-exp1.licdn.com/dms/image/C4D0BAQEPnnJx613zhA/company-logo_100_100/0/1547908408784?e=1643241600&v=beta&t=shSSvFnu9VLB5xwdbHoxyR6DbRcl-dWlsXEYv4_0nMM,"B-Smart Estate est une société indépendante privilégiant des relations solides et durables avec ses clients.
A BRUXELLES ET EN BRABANT WALLON ET FLAMAND
B-Smart Estate possède une très bonne connaissance du parc immobilier à Bruxelles et Brabant wallon et flamand.
*TECHNOLOGIQUE
A la pointe des évolutions technologiques dans le monde de l’immobilier, nous partageons avec nos clients notre expérience et en assurons la mise en œuvre.
*INNOVANTE
B-Smart Estate met à disposition de ses clients des outils de gestion et collaboratifs performants et innovants. Nos clients profitent sans risque du fruit des dernières innovations dans le secteur.",Immobilier,B-Smart Estate,1-10 employés,"Bruxelles, Région de Bruxelles-Capitale, Belgique",https://www.linkedin.com/sales/search/company?geoIncluded=100565514&keywords=gestion%20locative&searchSessionId=4LjE9GelQ6mqyIb05%2FYnXg%3D%3D,2021-10-25T12:29:36.508Z
https://www.linkedin.com/sales/company/22596267,22596267,https://www.linkedin.com/company/22596267,NORBELCO BRABANT IMMOBILIERE,https://media-exp1.licdn.com/dms/image/C560BAQG9ZVeOexV56A/company-logo_100_100/0/1621413584976?e=1643241600&v=beta&t=NzYvGQwA-mGFqYPLtXQebKdzeE_OfJ7k9EVyimna63s,"Active depuis 1997, la SA Norbelco Brabant Immobilière est une entreprise familiale spécialisée dans l’acquisition et la gestion d’immeubles de rapport en Wallonie.
",Immobilier,NORBELCO BRABANT IMMOBILIERE,1-10 employés,"Wavre, Région wallonne, Belgique",https://www.linkedin.com/sales/search/company?geoIncluded=100565514&keywords=gestion%20locative&searchSessionId=4LjE9GelQ6mqyIb05%2FYnXg%3D%3D,2021-10-25T12:29:36.508Z
https://www.linkedin.com/sales/company/37548254,37548254,https://www.linkedin.com/company/37548254,Immobilière des 3 Provinces,https://media-exp1.licdn.com/dms/image/C560BAQH7VeTrLfPzpA/company-logo_100_100/0/1582730481865?e=1643241600&v=beta&t=TrQujKoGKlYG3Xqs42-A9jCPcWonKC3Vlvd2WnRyCr8,"L’immobilière des 3 provinces vous propose une gamme étendue de services immobiliers. 

la vente de votre immeuble,
la sélection de vos futures locataires, 
la gestion de vos immeubles et locataires
la gestion, le suivi ainsi que la réalisation de vos travaux de rénovation ou d’aménagement
l’étude de rentabilité de vos projets d’investissements immobiliers
…

Grâce à nos expériences respectives dans ces domaines d’activités, nous vous garantissons de vous apporter les explications et solutions fiables.
",Immobilier,Immobilière des 3 Provinces,1-10 employés,"Soheit-Tinlot, Région wallonne, Belgique",https://www.linkedin.com/sales/search/company?geoIncluded=100565514&keywords=gestion%20locative&searchSessionId=4LjE9GelQ6mqyIb05%2FYnXg%3D%3D,2021-10-25T12:29:36.508Z
https://www.linkedin.com/sales/company/1956618,1956618,https://www.linkedin.com/company/1956618,HENDRIX Immobilier d'entreprises,https://media-exp1.licdn.com/dms/image/C4E0BAQFseQNnArdfag/company-logo_100_100/0/1573643823861?e=1643241600&v=beta&t=EsxThUxqDzKCHn0m8YKLTW-YPmq8A3HBjzkxIbmGUJk,"HENDRIX IMMOBILIER D'ENTREPRISE

Au-delà de l’immobilier résidentiel, nous sommes depuis 10 ans le spécialiste",Immobilier,HENDRIX Immobilier d'entreprises,11-50 employés,"Wavre, Région wallonne, Belgique",https://www.linkedin.com/sales/search/company?geoIncluded=100565514&keywords=gestion%20locative&searchSessionId=4LjE9GelQ6mqyIb05%2FYnXg%3D%3D,2021-10-25T12:29:36.508Z
https://www.linkedin.com/sales/company/1094725,1094725,https://www.linkedin.com/company/1094725,Honesty,https://media-exp1.licdn.com/dms/image/C560BAQFJlwRShGyqiw/company-logo_100_100/0/1560762066585?e=1643241600&v=beta&t=lsCOnMZY5QyWSO_9anQsqNvqViNJi8bTufcPlCIHico,"Avec Honesty, vivez autrement la passion pour l'immobilier.  Avec d'autres gens, avec une autre éthique.

Chacun a sa façon de l'exercer. Chacun a sa vision, ses principes, ses objectifs et son choix des moyens pour les atteindre.

Nous sommes à votre disposition.",Immobilier,Honesty,11-50 employés,"Libramont, Région wallonne, Belgique",https://www.linkedin.com/sales/search/company?geoIncluded=100565514&keywords=gestion%20locative&searchSessionId=4LjE9GelQ6mqyIb05%2FYnXg%3D%3D,2021-10-25T12:29:36.508Z
https://www.linkedin.com/sales/company/66655203,66655203,https://www.linkedin.com/company/66655203,HESTIA Family Office,https://media-exp1.licdn.com/dms/image/C4D0BAQF5boK3ZdDzSw/company-logo_100_100/0/1613748883635?e=1643241600&v=beta&t=OOHKnCNnHGtQ-dY2GnQSxTbKTkAiY9y8ymWe5dxxdcI,"Hestia Family Office désire aider des familles
   - à organiser et gérer tous les aspects de leur patrimoine (mobilier et immobilier) pour le faire croître et le transmettre. 
   - à vivre en toute sérénité les difficultés humaines et financières de la vie.
",Services financiers,HESTIA Family Office,1-10 employés,Belgique,https://www.linkedin.com/sales/search/company?geoIncluded=100565514&keywords=gestion%20locative&searchSessionId=4LjE9GelQ6mqyIb05%2FYnXg%3D%3D,2021-10-25T12:29:39.643Z
https://www.linkedin.com/sales/company/784853,784853,https://www.linkedin.com/company/784853,ERA Blavier,https://media-exp1.licdn.com/dms/image/C4D0BAQHne3KV0VjuPw/company-logo_100_100/0/1622541094369?e=1643241600&v=beta&t=jKEC0goPHGhX-9FXDkkEOHzw8EqjDYAadvdlpNCsVKg,"ERA Blavier Liège et Seraing sont à votre service lors de la mise en vente ou en location de vos biens immobiliers. 

Située centre-Liège ou à Seraing-Haut, celle qui voue une dévotion à la Qualité de Service au Client ne pouvait faire autrement que rejoindre le leader belge de l'immobillier depuis 2020 réputé ""1er en Service"" ERA !

L'agence Blavier fut d'ailleurs pendant plus de 20 ans la seule agence de Wallonie et de Province de Liège à truster les 1ères place en la matière ! (et n°1 en 2019 !)
Elle fut 1ère agence francophone à avoir intégré un grand réseau de quelques 140 agences aujourd'hui, et grâce avant tout à l'esprit d'équipe et à cette Qualité de Service Client, logiquement, a figuré dans le Top 5 pendant plus de 19 ans (et la seule 4 fois 1ère agence nationale de 2008 à 2012). Aussi 1ère et seule agence immobilière certifiée 9001:2008 en Wallonie jusqu'en 2018, preuve de sa volonté permanente de fournir le meilleurs service ou la structure la plus rigoureuse à tous les niveaux ! 

Si vous cherchez un poste dans une équipe humaine, bienveillante, gagnante, soudée, dynamique et êtes vous même enthousiaste et passionné par l'écoute, la disponibilité et l'intégrité absolue, c'est MAINTENANT qu'il faut nous contacter !

Nos collaborateurs auront reçu plus de 2360 heures de formation en 2021! 
Appelez-moi.
Notre équipe : C'est 13 passionnés enthousiastes qui ne demandent qu'à vous aider, écouter et vous servir.",Immobilier,ERA Blavier,11-50 employés,"Liège, Région wallonne, Belgique",https://www.linkedin.com/sales/search/company?geoIncluded=100565514&keywords=gestion%20locative&searchSessionId=4LjE9GelQ6mqyIb05%2FYnXg%3D%3D,2021-10-25T12:29:39.643Z
https://www.linkedin.com/sales/company/17913956,17913956,https://www.linkedin.com/company/17913956,Condrogest Immobilier,https://media-exp1.licdn.com/dms/image/C560BAQEcR1ZYu44HYA/company-logo_100_100/0/1609538716995?e=1643241600&v=beta&t=4OWqkd_5ubHw8Jga7t_owXpI0Oxoq7Q0bZLN2q8K-Vk,"Fondée le 28 juin 1993, la société familiale CONDROGEST a pour but de développer une activité de courtage immobilier dans le Condroz, notamment grâce à son premier bureau implanté dans le centre-ville de Ciney. Suite à des demandes croissantes de biens en Famenne, la société ouvre un second bureau à Marche en 2000.

Toujours soucieuse d'offrir un service de proximité à sa clientèle, 2 nouveaux bureaux à Dinant et Beauraing s'ouvrent respectivement en 2006 et 2010. En 2016, l’agence de Namur ouvrait ses portes également. 

C'est aujourd'hui 25 personnes réparties au sein de ces 5 bureaux qui sont à votre service.

CONDROGEST SA
Rue du Commerce, 124
5590 - Ciney
Tél. +32 (0)83 21 24 25
N° d'entreprise : 0450.387.529
Fonds de garantie AXA 730.390.160
Institut de surveillance: IPI, rue du Luxembourg 16 B, 1000 Bruxelles
IPI : 501.314 - Cédric Henrard
Mentions légales : https://www.condrogest.be/informations_legales",Immobilier,Condrogest Immobilier,11-50 employés,"Ciney, Région wallonne, Belgique",https://www.linkedin.com/sales/search/company?geoIncluded=100565514&keywords=gestion%20locative&searchSessionId=4LjE9GelQ6mqyIb05%2FYnXg%3D%3D,2021-10-25T12:29:39.643Z
https://www.linkedin.com/sales/company/11490572,11490572,https://www.linkedin.com/company/11490572,HomeSide Properties,https://media-exp1.licdn.com/dms/image/C4D0BAQHF1vjLSdamGw/company-logo_100_100/0/1519296951377?e=1643241600&v=beta&t=H2bMf3DeXYRbnGCZmB2xsQHx1ROcMN6RWZphq3iEQCU,"Notre agence est spécialisée dans la vente et la location de biens résidentiels, villas, maisons, immeubles de rapport, appartements, lofts, terrains à bâtir avec ou sans projet mais également de biens commerciaux, bureaux, entrepôts, immeubles industriels sur les 19 communes de Bruxelles et sa périphérie.

Efficacité, rigueur, suivi des dossiers, connaissance des dernières législations, professionnalisme, flexibilité et disponibilité sont les atouts indispensables qui permettront de vous assurer un service irréprochable et gagner en confiance auprès des propriétaires, acquéreurs ou locataires.

Nous n’avons pas inventé le service, nous l’avons personnalisé !

Que vous soyez propriétaire vendeur, bailleur, acquéreur ou locataire, nous nous adapterons à vos besoins et nous réussirons ensemble à réaliser vos projets.

N’attendez plus, contactez-nous au 0485/337.997 de 9h à 19h tous les jours ouvrables de la semaine.",Immobilier,HomeSide Properties,1-10 employés,"Bruxelles, Région de Bruxelles-Capitale, Belgique",https://www.linkedin.com/sales/search/company?geoIncluded=100565514&keywords=gestion%20locative&searchSessionId=4LjE9GelQ6mqyIb05%2FYnXg%3D%3D,2021-10-25T12:29:39.643Z
https://www.linkedin.com/sales/company/65069655,65069655,https://www.linkedin.com/company/65069655,CENTURY 21 Immo Dewaele,https://media-exp1.licdn.com/dms/image/C560BAQGRCysuqw-VVw/company-logo_100_100/0/1592386126490?e=1643241600&v=beta&t=Kp9zuzM2ClpXiJGZDswtu5W0mbpVi3hnTuKKg1bFB80,"Depuis 1981, la famille Dewaele vous accompagne dans votre projet en mettant à votre service son expertise et tous ses outils. Passionnés par notre métier, trois générations du management se sont succédé au sein de notre agence. 

Notre équipe soudée et stable allie les compétences techniques et juridiques, la maîtrise des outils de marketing et de communication pour soigner la qualité de présentation des biens qui nous sont confiés et de faire de votre projet immobilier une réussite. 

#WeGive121% 

Nous contacter : 
info@immodewaele.be 
Braine-l'Alleud - Avenue de la Belle Province 101 (+32 2 380 73 74) 
Nivelles - Avenue de Burlet 11a (+32 67 89 38 60)

Mentions légales : 
Agence immobilière IPI 500 334
TVA BE 0421 517 656
Autorité de surveillance : Institut professionnel des agents immobiliers, rue du Luxembourg 16 B, 1000 Bruxelles
Police d’assurance AXA 730.401.047/0038
Déontologie : https://www.ipi.be/sites/default/files/code_deontologie_ipi.pdf",Immobilier,CENTURY 21 Immo Dewaele,1-10 employés,"Braine-l'Alleud, Région wallonne, Belgique",https://www.linkedin.com/sales/search/company?geoIncluded=100565514&keywords=gestion%20locative&searchSessionId=4LjE9GelQ6mqyIb05%2FYnXg%3D%3D,2021-10-25T12:29:39.643Z
https://www.linkedin.com/sales/company/9177493,9177493,https://www.linkedin.com/company/9177493,GIC Immobilier,https://media-exp1.licdn.com/dms/image/C560BAQFiv0HeNfGx_g/company-logo_100_100/0/1621786099885?e=1643241600&v=beta&t=01HO3yTTEswDkHwHjAfALoGT6RArNSRPojblN24r8Q4,"GIC IMMO ce sont 3 agences immobilières à Comines, Mouscron et Tournai.

Nous sommes spécialisés dans la vente de maisons d'appartements et de terrains. Nous proposons aussi des maisons et appartements à la location.

Particuliers ou investisseurs, les constructions neuves répondront à vos attentes : garantie décennale, normes isolations, rendement… à des prix plus que compétitifs !
Renseignez-vous sans engagement !",Immobilier,GIC Immobilier,1-10 employés,"Mouscron, Région wallonne, Belgique",https://www.linkedin.com/sales/search/company?geoIncluded=100565514&keywords=gestion%20locative&searchSessionId=4LjE9GelQ6mqyIb05%2FYnXg%3D%3D,2021-10-25T12:29:39.643Z
https://www.linkedin.com/sales/company/4984266,4984266,https://www.linkedin.com/company/4984266,Eben & Associate,https://media-exp1.licdn.com/dms/image/C4D0BAQHVDNdprACwNQ/company-logo_100_100/0/1625924237211?e=1643241600&v=beta&t=iRgApgJv799f7TDF0DP2ruPmLSJN-964E_CUWmTDaIU,"Acteur professionnel et passionné de l’immobilier qui revisite les valeurs fondamentales de la profession par une approche unique de celui-ci. 
Mûrement réfléchit, osant prendre sous son aile votre propriété de manière innovante et transparente.
Les situations complexe, volumineuse , ou même encore inexistante sur parcelle de terrain sont les meilleurs armes....
Une équipe extrêmement motivée se tient constamment dans les starting-blocks pour mettre en mouvement chaque projet immobilier.
De plus, nous attachons la plus grande importance au respect de nos engagements et à une disponibilité flexible.
C’est pourquoi nous répondons à toutes vos questions immobilières 7/7.
Nous confier votre bien, c'est vraisemblablement une nouvelle façon de découvrir le secteur de l'immobilier. 
Tout simplement, parce qu'intégrité, transparence et harmonie ne sont pas que des principes … ce sont les moteurs même de notre fonctionnement, essentiels pour mener à bien nos missions  …

C’est pourquoi , un mot , un problème , et nous avons les solutions ....",Immobilier,Eben & Associate,1-10 employés,"Leeuw-Saint-Pierre, Région flamande, Belgique",https://www.linkedin.com/sales/search/company?geoIncluded=100565514&keywords=gestion%20locative&searchSessionId=4LjE9GelQ6mqyIb05%2FYnXg%3D%3D,2021-10-25T12:29:39.644Z
https://www.linkedin.com/sales/company/3136922,3136922,https://www.linkedin.com/company/3136922,Accord Immo sprl,https://media-exp1.licdn.com/dms/image/C4D0BAQGALaRvKYQtdA/company-logo_100_100/0/1519891524159?e=1643241600&v=beta&t=nPtmRFW0gHtx_6adhdRapsl3IemMIR0jhmeDnNE3_zk,"Pourquoi faire appel à un agent immobilier ?

Parce que la législation qui entoure le domaine de l'immobilier est complexe et peut avoir des implications très importantes pour votre vie quotidienne, en particulier dans le long terme.

Chaque transaction immobilière nécessite un planning ainsi qu'une action soigneuse et professionnelle.

Nombreux sont les pièges qui peuvent se présenter, et ce, quelle que soit votre position lors de d'une transaction. Aujourd'hui, il est impératif d'avoir un professionnel à vos côtés.",Immobilier,Accord Immo sprl,1-10 employés,"Crisnée, Région wallonne, Belgique",https://www.linkedin.com/sales/search/company?geoIncluded=100565514&keywords=gestion%20locative&searchSessionId=4LjE9GelQ6mqyIb05%2FYnXg%3D%3D,2021-10-25T12:29:39.644Z
https://www.linkedin.com/sales/company/7593868,7593868,https://www.linkedin.com/company/7593868,Select Immo,https://media-exp1.licdn.com/dms/image/C4D0BAQF8Zqgs5W9AQQ/company-logo_100_100/0/1519913943852?e=1643241600&v=beta&t=v1HN9zUR2yKv0tGBLuvl-U5vHYzcYk1sWs1BCtFKS40,"Vous avez décidé de mettre en vente ou en location votre bien immobilier. Décision prise, nous vous offrons un service de qualité pour vous assister dans ces démarches. Nous vous proposons gratuitement et sans engagement de votre part d'établir une estimation de la valeur de votre bien dans le marché actuel.

Notre expérience, le dynamisme et le professionnalisme de notre équipe, la situation géographique de notre agence avec ses vitrines, notre infrastructure très performante, notre présence sur de nombreux portails immobiliers, notre encadrement complet lors de la suite d'un dossier seront des gages de réussite de notre intervention.",Immobilier,Select Immo,1-10 employés,"Tubize, Région wallonne, Belgique",https://www.linkedin.com/sales/search/company?geoIncluded=100565514&keywords=gestion%20locative&searchSessionId=4LjE9GelQ6mqyIb05%2FYnXg%3D%3D,2021-10-25T12:29:39.644Z
https://www.linkedin.com/sales/company/25068456,25068456,https://www.linkedin.com/company/25068456,Trevi Lovarium,https://media-exp1.licdn.com/dms/image/C4E0BAQFOY6WH2th2nQ/company-logo_100_100/0/1519869649908?e=1643241600&v=beta&t=3x9T4YhSuEvqgOH8CbfHBwkegFnpp1NoB_sXIsLtOa8,Agence immobilière située à Manage et actif sur toutes la région du Centre. Nous sommes spécialisés dans la vente et la location.,Immobilier,Trevi Lovarium,1-10 employés,"Manage, Région wallonne, Belgique",https://www.linkedin.com/sales/search/company?geoIncluded=100565514&keywords=gestion%20locative&searchSessionId=4LjE9GelQ6mqyIb05%2FYnXg%3D%3D,2021-10-25T12:29:39.644Z
https://www.linkedin.com/sales/company/10433043,10433043,https://www.linkedin.com/company/10433043,Immobilière Cosse,https://media-exp1.licdn.com/dms/image/C560BAQGZSIkpbAu8hg/company-logo_100_100/0/1519899955873?e=1643241600&v=beta&t=UDahuYXhdveL_Ljb3pvv8XSBx2TIdwY2Z_U0uUfS0aQ,"L’immobilière COSSE est présente dans la région depuis 45 ans. De très nombreuses références dans la vente et dans la location de biens immobiliers attestent de notre dynamisme et de nos compétences en la matière.

Notre implantation au centre-ville de Durbuy et notre collaboration avec les principaux acteurs de la publicité immobilière nous permettent d’assurer aux propriétaires vendeurs une visibilité optimale.

Nous vous proposons nos services immobiliers, notamment en matière de vente, location, état des lieux, expertise.",Immobilier,Immobilière Cosse,1-10 employés,"Durbuy, Région wallonne, Belgique",https://www.linkedin.com/sales/search/company?geoIncluded=100565514&keywords=gestion%20locative&searchSessionId=4LjE9GelQ6mqyIb05%2FYnXg%3D%3D,2021-10-25T12:29:39.644Z
https://www.linkedin.com/sales/company/10534501,10534501,https://www.linkedin.com/company/10534501,Century 21 | Trendimmo,https://media-exp1.licdn.com/dms/image/C4D0BAQHBTzm-GArRgA/company-logo_100_100/0/1519907033191?e=1643241600&v=beta&t=RqFZ0btXCnwwznI2yDnbgB1H0zUHZGZssfN3gwLS1LE,"Century 21 Trendimmo,  vos agents immobiliers dans la région de Gerpinnes & de Marcinelle ! Avec notre équipe nous vous proposons un accompagnement personnalisé dans votre démarche d'acheteur ou de vendeur. A travers cette page entreprise, nous avons pour ambition de vous faire partager des informations pratiques et des conseils pour mieux choisir le bien de vos rêves. Une expérience que nous aurons peut-être l'occasion de vivre ensemble. 

N'hésitez pas également à nous suivre via nos profils personnels ou à nous contacter si vous avez la moindre question pour laquelle nous nous ferons un plaisir de vous apporter une réponse.",Immobilier,Century 21 | Trendimmo,1-10 employés,"Gerpinnes, Région wallonne, Belgique",https://www.linkedin.com/sales/search/company?geoIncluded=100565514&keywords=gestion%20locative&searchSessionId=4LjE9GelQ6mqyIb05%2FYnXg%3D%3D,2021-10-25T12:29:39.644Z
https://www.linkedin.com/sales/company/23356434,23356434,https://www.linkedin.com/company/23356434,CENTURY 21 EVALOUONS,https://media-exp1.licdn.com/dms/image/C4D0BAQFlMBLO227a0Q/company-logo_100_100/0/1535531671756?e=1643241600&v=beta&t=H22X3DiqrCp1kdQIrLO1Gmnl8B6-aGnnzVgil0CkE8Y,,Immobilier,CENTURY 21 EVALOUONS,1-10 employés,"Fleurus, Région wallonne, Belgique",https://www.linkedin.com/sales/search/company?geoIncluded=100565514&keywords=gestion%20locative&searchSessionId=4LjE9GelQ6mqyIb05%2FYnXg%3D%3D,2021-10-25T12:29:39.644Z
https://www.linkedin.com/sales/company/28832495,28832495,https://www.linkedin.com/company/28832495,Florida Brokers & Partners,https://media-exp1.licdn.com/dms/image/C560BAQGWs3XzxOCzpw/company-logo_100_100/0/1569750811675?e=1643241600&v=beta&t=6ni3oj1Im_b1-9wXACJP03VfaYGMuCF4FAOam8nwu60,"Réaliser un achat ou un investissement immobilier en Floride présente une multitude d’avantages tels qu'une fiscalité avantageuse, un rendement net élevé, un marché en pleine croissance, une monnaie forte, etc.

Néanmoins, mener à bien un projet immobilier en Floride, qu’il s’agisse d’acheter, vendre ou investir, peut se relever périlleux et nécessite l’accompagnement de professionnels afin d’éviter des problèmes d’ordres juridiques, fiscaux et/ou financiers.

De plus, organiser toutes ces transactions depuis la Belgique et dénicher les bons partenaires locaux représente un challenge pour le moins complexe.

Conscient de ces difficultés, Florida Brokers & Partners a lié un partenariat avec des experts et acteurs locaux qualifiés dans les différents domaines concernés. Ceci afin de vous offrir un accompagnement professionnel, permettant de concrétiser votre projet immobilier en Floride.",Immobilier,Florida Brokers & Partners,1-10 employés,"Waterloo, Région wallonne, Belgique",https://www.linkedin.com/sales/search/company?geoIncluded=100565514&keywords=gestion%20locative&searchSessionId=4LjE9GelQ6mqyIb05%2FYnXg%3D%3D,2021-10-25T12:29:39.644Z
https://www.linkedin.com/sales/company/71120430,71120430,https://www.linkedin.com/company/71120430,Immo Street,https://media-exp1.licdn.com/dms/image/C4E0BAQEREnVe3LhFYA/company-logo_100_100/0/1607691297654?e=1643241600&v=beta&t=jt0kFNQwrZ-2Ewabg_MpXTiwbNHszIvbu_zVkKpnR2s,"Agence immobilière née de l’association de spécialistes du secteur immobilier, 15 années d’expérience sont ainsi mises à disposition de nos clients et leurs biens, chaque projet bénéficiant ainsi d'une expertise personnalisée et d'un accompagnement de qualité.",Immobilier,Immo Street,1-10 employés,"Bruxelles, Région de Bruxelles-Capitale, Belgique",https://www.linkedin.com/sales/search/company?geoIncluded=100565514&keywords=gestion%20locative&searchSessionId=4LjE9GelQ6mqyIb05%2FYnXg%3D%3D,2021-10-25T12:29:39.644Z
https://www.linkedin.com/sales/company/12980362,12980362,https://www.linkedin.com/company/12980362,Dumont Gestion - Immo Dumont SPRL,https://media-exp1.licdn.com/dms/image/C4D0BAQHl8ghaWS5BpA/company-logo_100_100/0/1543848025539?e=1643241600&v=beta&t=Zl67CheL3i5UyzAhTKmlKOmrSoMZKSQ_JRcPAZjS-as,"Notre agence est composée d'une équipe de professionnels spécialisés en gestion locative. 

Notre gestion dynamique est plus large que la préservation de votre bien, nous vous conseillons pour sa mise en valeur afin qu'il rencontre les exigences du marché locatif de demain.

Nous prenons en charge la gestion locative, technique, juridique et administrative de votre bien immobilier. 
Notre objectif est de rentabiliser votre patrimoine immobilier et de vous décharger de ses contraintes. 

De la libération de votre bien jusqu'à la signature du bail, nous vous offrons une gamme de services en immobilier.",Immobilier,Dumont Gestion - Immo Dumont SPRL,1-10 employés,"La Hulpe, Région wallonne, Belgique",https://www.linkedin.com/sales/search/company?geoIncluded=100565514&keywords=gestion%20locative&searchSessionId=4LjE9GelQ6mqyIb05%2FYnXg%3D%3D,2021-10-25T12:29:39.644Z
https://www.linkedin.com/sales/company/1369942,1369942,https://www.linkedin.com/company/1369942,Immo BALCAEN,https://media-exp1.licdn.com/dms/image/C560BAQEBscn0YFnMlA/company-logo_100_100/0/1567677882893?e=1643241600&v=beta&t=v4BMFwjdGSMkJ21Gu9Omo8lAVk9lhzRdq9g6qL8Ou7M,"Agence immobilière spécialisée dans la vente et location.

Nous sommes également très performant en gestion locative avec les 500 lots qui nous sont confiés.
Notre volonté est de mettre le service à l'honneur par des outils performants et de l'écoute de nos Clients",Immobilier,Immo BALCAEN,1-10 employés,"Bruxelles, Région de Bruxelles-Capitale, Belgique",https://www.linkedin.com/sales/search/company?geoIncluded=100565514&keywords=gestion%20locative&searchSessionId=4LjE9GelQ6mqyIb05%2FYnXg%3D%3D,2021-10-25T12:29:39.644Z
https://www.linkedin.com/sales/company/2195498,2195498,https://www.linkedin.com/company/2195498,Eckelmans Immobilier,https://media-exp1.licdn.com/dms/image/C4E0BAQGzbKoUbm_mHA/company-logo_100_100/0/1519904736736?e=1643241600&v=beta&t=aY3SwZTWfiiN5LNqgj0Jtn-uNBGPXcrkwKxPb0eod2g,"Créé en 1963, le groupe familial Eckelmans est le spécialiste belge du logement étudiant.

Eckelmans Immobilier se distingue des autres acteurs du marché par son statut d'opérateur global, actif à la fois dans la conception, la promotion, la commercialisation et la gestion locative.
Cette maitrise de l'ensemble des métiers, depuis la conception des logements jusqu'à la gestion locative au quotidien, fait indéniablement la force du groupe. 
Eckelmans Immobilier reste ainsi une référence pour l'investissement locatif.
Le ""Pool de location""​, la formule d'investissement exclusive qui accompagne la commercialisation de ses projets depuis 1968, assure aux investisseurs à la fois performance et tranquillité !

Au fil des années, le groupe s'est progressivement diversifié en développant des produits d’investissement locatif de niche dans de nouveaux secteurs.
Ainsi, aujourd'hui, Eckelmans Immobilier poursuit le développement de projets immobiliers dans les secteurs étudiant, résidentiel et hôtelier.",Immobilier,Eckelmans Immobilier,11-50 employés,"Ottignies, Région wallonne, Belgique",https://www.linkedin.com/sales/search/company?geoIncluded=100565514&keywords=gestion%20locative&searchSessionId=4LjE9GelQ6mqyIb05%2FYnXg%3D%3D,2021-10-25T12:29:39.645Z
https://www.linkedin.com/sales/company/6637860,6637860,https://www.linkedin.com/company/6637860,Macnash MONTGOMERY,https://media-exp1.licdn.com/dms/image/C4D0BAQHMyqCfR0bWEA/company-logo_100_100/0/1538945474330?e=1643241600&v=beta&t=0tfenx5GVxMhzsDN9hEuUideDPg9hnK8azIIbjgs2V8,"Vous souhaitez VENDRE ou LOUER votre bien Immobilier ?
Visitez notre agence au Square Montgomery !

Actif dans le secteur de l'immobilier depuis 1999, Lesly John Gentric et son équipe de professionnels vous apporteront leur expérience, ils vous conseilleront et vous guideront dans vos projets.
Nos collaborateurs sont spécialisés dans la vente et la location de biens résidentiels, nous vous proposons également un service de gestion locative afin que vous puissiez profiter en toute tranquillité de vos investissements.

Créé en 1999, le groupe Immobilier Macnash a depuis été franchisé pour couvrir les principales communes de Bruxelles.
L’agence Immobilière Macnash EST a vu le jour en 2006, pour devenir la première agence franchisée du groupe en 2008.
Avec notre situation stratégique sur Montgomery, notre agence présente des biens immobiliers dans l’EST de Bruxelles, à proximité des institutions de la Communauté Européenne, de l’OTAN, ainsi que des nombreux centres financiers et groupes internationaux.

Grâce à notre réseau d’agences, notre programme immobilier commun et notre site Internet unique, vous bénéficiez de la force d’un groupe dans une agence de proximité avec une parfaite connaissance du marché local.

TVA BE 0807.390.080
Autorité de surveillance: IPI, rue du Luxembourg 16 B, 1000 Bruxelles.
Assureur, RC professionnelle et cautionnement via SA AXA Belgium police 730.390.160
agent immobilier intermédiaire 502 184
Code de déontologie: https://www.ipi.be/sites/default/files/code_deontologie_ipi.pdf",Immobilier,Macnash MONTGOMERY,1-10 employés,"Bruxelles, Région de Bruxelles-Capitale, Belgique",https://www.linkedin.com/sales/search/company?geoIncluded=100565514&keywords=gestion%20locative&searchSessionId=4LjE9GelQ6mqyIb05%2FYnXg%3D%3D,2021-10-25T12:29:39.645Z
https://www.linkedin.com/sales/company/10392141,10392141,https://www.linkedin.com/company/10392141,AGECI Europe sprl - Immobilier & syndic,https://media-exp1.licdn.com/dms/image/C560BAQFdS2g9fcUI2A/company-logo_100_100/0/1519888189666?e=1643241600&v=beta&t=l5vCSKiX4bb4L7IzkKGqzsMNikHvwu0_j3ay1RD7LPQ,"Active dans le domaine de l'immobilier depuis 1969, la société AGECI Europe située à Nivelles vous propose les prestations d'une équipe experimentée. 

Nous gérons une quarantaine d'immeubles à Nivelles et ses environs.

Mr Edgar MATHURIN en est le fondateur et est membre de l'IPI

(Institut Professionnel des Agents immobiliers ) depuis plus de 40 ans. 
 

En plus de la gestion d'immeubles, AGECI-Europe vous propose :

- Ses conseils immobiliers en vente ou location.

- Une évaluation complète de vos biens.

- Une gestion locative.


De part son experience, Mr Mathurin et son équipe pourront au mieux vous conseiller et vous servir.",Immobilier,AGECI Europe sprl - Immobilier & syndic,1-10 employés,"Nivelles, Région wallonne, Belgique",https://www.linkedin.com/sales/search/company?geoIncluded=100565514&keywords=gestion%20locative&searchSessionId=4LjE9GelQ6mqyIb05%2FYnXg%3D%3D,2021-10-25T12:29:39.645Z
https://www.linkedin.com/sales/company/10544376,10544376,https://www.linkedin.com/company/10544376,IMMO FADAN,https://media-exp1.licdn.com/dms/image/C4D0BAQHdG7EYPRx3MQ/company-logo_100_100/0/1567852718335?e=1643241600&v=beta&t=4CnAhXB_NcuDPFI12ERZ8_UTF8WnFULGi6N0lh4G8ss,"Bienvenu chez Immo Fadan,

Vous êtes arrivés dans l'agence spécialisée dans le courtage et la gestion locative.

Notre équipe, jeune et dynamique mais non dépourvue d'expérience est dirigée par Jérémie Arnet, agent agréé IPI sous le numéro 507.546 ; dans le secteur depuis plus de 15 ans.

Chez Immo Fadan, vous louez ou vendez vos biens au meilleur prix et dans les meilleurs délais.
Nous avons compris que nous devions absolument tendre vers la satisfaction optimale de nos clients.

C'est pourquoi :

- Nous estimons gratuitement la valeur de vente  de votre bien  ou le montant du loyer en tenant compte des dernières tendances du marché que nous maîtrisons parfaitement.

- Nous nous chargeons de la commercialisation de votre bien de A à Z. Vous n'avez rien à faire : nous nous occupons de l'expertise, de la publicité active, des visites, bref de toutes opérations nécessaires à aboutir à la finalisation  de l'acte de vente ou du contrat de bail.

- Nous sommes de véritables champions dans la gestion locative, forts de notre expérience acquise par la gestion des loyers et locataires d'un grand nombre d'appartements et maisons que nous avons déjà en portefeuille.

- Notre collaboration ancienne avec tous les corps de métier, avec nos avocats, avec notre assureur etc. vous garantit des travaux et un suivi judiciaire de bonne qualité et à des prix imbattables, puisque vous profitez des conditions que nous avons préalablement négociées au vu de la quantité des commandes.

- Administrativement, nous nous chargeons également de tout : rédaction des baux, organisation des états des lieux, lettres d'indexation, rappels de paiement, gestion des sinistres, réparations et entretiens en tout genre.

En optimisant votre gestion locative ou votre politique de vente, vous rentabiliserez  bien plus vos opérations immobilières. 

Nous essayer, c'est nous adopter !",Immobilier,IMMO FADAN,1-10 employés,"Bruxelles, Région de Bruxelles-Capitale, Belgique",https://www.linkedin.com/sales/search/company?geoIncluded=100565514&keywords=gestion%20locative&searchSessionId=4LjE9GelQ6mqyIb05%2FYnXg%3D%3D,2021-10-25T12:29:39.645Z
https://www.linkedin.com/sales/company/1630607,1630607,https://www.linkedin.com/company/1630607,ALTA HOME,https://media-exp1.licdn.com/dms/image/C510BAQGBN0QroyFiAw/company-logo_100_100/0/1519869013399?e=1643241600&v=beta&t=-dWsJrMlc_Y9duDKYfxV7BsPmPKR4Adtp23gj26RdLM,"Que vous désiriez vendre ou acheter, mettre en location ou louer un bien immobilier, notre équipe répondra à vos besoi",Immobilier,ALTA HOME,1-10 employés,"Bruxelles, Région de Bruxelles-Capitale, Belgique",https://www.linkedin.com/sales/search/company?geoIncluded=100565514&keywords=gestion%20locative&searchSessionId=4LjE9GelQ6mqyIb05%2FYnXg%3D%3D,2021-10-25T12:29:39.645Z
https://www.linkedin.com/sales/company/11343302,11343302,https://www.linkedin.com/company/11343302,Trees Advisers Belgique,https://media-exp1.licdn.com/dms/image/C4D0BAQFvF97mEjfULQ/company-logo_100_100/0/1519910627870?e=1643241600&v=beta&t=Tx2I7bL5I66RVIgNtyXm7cFKj6R_O_WCg_x85gVEwc0,"Se constituer un patrimoine immobilier sûr et rentable.
Percevoir des revenus garantis et défiscalisés.
Profiter d’un statut fiscal avantageux (LMNP*). 
Économiser la TVA sur l’achat.
Préparer sa pension et compléter sa retraite.
Transmettre son patrimoine à moindre frais à sa famille.
Pérenniser son capital.

Nous faire confiance,  c’est bénéficier d’un conseil personnalisé, d’un accompagnement depuis l’acquisition de votre bien jusqu’à la gestion locative.
Grâce à un locataire unique, aucun souci de gestion et pas d’entretien.
Envie d’en savoir plus ?
Appelez-nous au 067 86 04 31 et recevez un conseil personnalisé. Nos conseillers sont à votre disposition du Lundi au Samedi.",Immobilier,Trees Advisers Belgique,1-10 employés,"Nivelles, Région wallonne, Belgique",https://www.linkedin.com/sales/search/company?geoIncluded=100565514&keywords=gestion%20locative&searchSessionId=4LjE9GelQ6mqyIb05%2FYnXg%3D%3D,2021-10-25T12:29:39.645Z
https://www.linkedin.com/sales/company/53449217,53449217,https://www.linkedin.com/company/53449217,Pep's - Etats des lieux,https://media-exp1.licdn.com/dms/image/C4D0BAQFavKYpNCxlkA/company-logo_100_100/0/1590570947563?e=1643241600&v=beta&t=BxZROAmRDTSdYUnU5kRFtgIB302pqM__qXL8Ijf9LMY,"A LA RECHERCHE D’UN EXPERT POUR UNE MISSION D’ÉTAT DES LIEUX ?

Nous sommes à votre service pour la réalisation de rapports d’état des lieux, d’entrée et de sortie, profes-sionnels, illustrés et ce, dans les meilleurs délais !

Nous réalisons chaque année plus de 380 rapports.

📍Prise de rdv en ligne
📍Gestion de toutes les démarches avec les parties
📍Conseils au bailleur
📍Flexibilité de l’expert
📍Etude minutieuse du bien et photos illustrées
📍Evaluation directe des dégâts en sortie locative  
📍Vérification des entretiens (chaudière, ramo  nage,...)  
📍Relevé des index et cuves  
📍Changement des abonnés au(x) compteur(s)  
📍Rapport complet et détaillé avec nombreuses photos  
📍Service de Conciergerie pour coordonner vos petits travaux ou rénovations

Nos honoraires sont clairs et simples : 

Prix forfaitaire par partie, Tvac 21%,
Déplacement compris

📍STUDIO/KOT
Entrée : 125€ Sortie : 100€

📍APPARTEMENT
Entrée : 160€ Sortie : 130€

📍MAISON
Entrée : 220€ Sortie : 180€
",Immobilier,Pep's - Etats des lieux,1-10 employés,"Libramont, Région wallonne, Belgique",https://www.linkedin.com/sales/search/company?geoIncluded=100565514&keywords=gestion%20locative&searchSessionId=4LjE9GelQ6mqyIb05%2FYnXg%3D%3D,2021-10-25T12:29:39.645Z
https://www.linkedin.com/sales/company/1174436,1174436,https://www.linkedin.com/company/1174436,Mundo-Lab,https://media-exp1.licdn.com/dms/image/C4D0BAQEJq0rCreEmAA/company-logo_100_100/0/1617893336042?e=1643241600&v=beta&t=mA2PjiE9VVq3IoYbOcsOUHTN5-qNP_ite_xXjMCjVp4,"Mundo-Lab acquiert, rénove et gère des centres pour les associations et entreprises sociales. Les centres associatifs Mundo sont des bâtiments de bureaux éco-rénovés et éco-gérés qui rassemblent sous un même toit des associations et des entreprises de l’économie sociale, où elles bénéficient de loyers raisonnables, d’infrastructures privatives et communes (bureaux, salles de réunion, restaurant…) et de services professionnels. Nous rénovons et gérons ces centres selon des standards environnementaux exigeants.

Actuellement nous gérons cinq immeubles : trois à Bruxelles, un à Namur et un à Anvers, pour une superficie de près de 17.500m² de surface locative, ce qui représente environ 200 organisations locataires. Le projet du sixième centre Mundo est actuellement en développement à Louvain-la-Neuve.

Actifs dans le secteur de l'économie sociale et solidaire, nous offrons aux particuliers et institutions un produit d'investissement éthique, local et durable aux investisseurs qui souhaitent donner une vraie utilité à leur argent.",Équipements collectifs,Mundo-Lab,11-50 employés,"Bruxelles, Région de Bruxelles-Capitale, Belgique",https://www.linkedin.com/sales/search/company?geoIncluded=100565514&keywords=gestion%20locative&searchSessionId=4LjE9GelQ6mqyIb05%2FYnXg%3D%3D,2021-10-25T12:29:39.645Z
https://www.linkedin.com/sales/company/65071333,65071333,https://www.linkedin.com/company/65071333,Immo Valent sprl Gestion Immobilière,,"Notre bureau est dirigé exclusivement par Mercier Laetitia, spécialisée dans la gestion locative et la gestion en général de votre patrimoine. A partir de 30€ Tvac par bien, vous pouvez obtenir une gestion administrative et à partir de 139€/an être assuré juridiquement pour toutes actions en justice ! Notre service d'états des lieux à partir de 70€ TVAC est également disponible.",Immobilier,Immo Valent sprl Gestion Immobilière,,"Auvelais, Région wallonne, Belgique",https://www.linkedin.com/sales/search/company?geoIncluded=100565514&keywords=gestion%20locative&searchSessionId=4LjE9GelQ6mqyIb05%2FYnXg%3D%3D,2021-10-25T12:29:42.857Z
https://www.linkedin.com/sales/company/45007,45007,https://www.linkedin.com/company/45007,Ordiges,https://media-exp1.licdn.com/dms/image/C510BAQED4KFdPNTH9Q/company-logo_100_100/0/1519856450190?e=1643241600&v=beta&t=J-bFa5Tf-Dwb_izINY0FjfwoZ7WGe69cSW5m26ZYSgs,"Editeur de logiciels depuis 1977, Ordiges développe des solutions technologiques full-web et principalement de gestion de processus métiers. 

Chaque produit Ordiges répond aux problématiques sectorielles de ses clients, que ce soit du secteur privé ou public :  
-	Ask&Go : logiciel de gestion des achats & dépenses 
-	LiaWeb : logiciel de gestion des marchés publics 
-	OfLex : logiciel de gestion des marchés de faible montant
-	MyDigiFlat : application dédiée à la gestion locative  des bailleurs sociaux. 

Notre ambition : améliorer la performance des moyennes et grandes organisations, grâce à notre innovation, en simplifiant à l’extrême des processus organisationnels complexes. 

Ordiges investit en permanence  dans les meilleures pratiques achats et technologiques afin d’être le leader dans le domaine de la dématérialisation. 

La problématique centrale pour Ordiges peut être traduite à travers une question : comment la digitalisation/l’automatisation des processus peut-elle aider les organisations à être plus performantes ?

Pour vous aider à répondre à cette question, Ordiges peut compter sur une équipe de 60 collaborateurs, experts dans différents domaines d’activité. 
",Logiciels informatiques,Ordiges,51-200 employés,"Bruxelles, Région de Bruxelles-Capitale, Belgique",https://www.linkedin.com/sales/search/company?geoIncluded=100565514&keywords=gestion%20locative&searchSessionId=4LjE9GelQ6mqyIb05%2FYnXg%3D%3D,2021-10-25T12:29:42.857Z
https://www.linkedin.com/sales/company/18553479,18553479,https://www.linkedin.com/company/18553479,SWL - Société wallonne du Logement,https://media-exp1.licdn.com/dms/image/C560BAQF4FONeJKbirA/company-logo_100_100/0/1522157320528?e=1643241600&v=beta&t=XBkdcur04UT7BsTyXarZJEetDfdyi0MT0Fr40ZRcpKg,"La Société Wallonne du Logement (SWL) assure pour le compte du Gouvernement wallon la tutelle, le conseil et l’assistance technique, financière,  administrative  des  sociétés  de  logement  de  service public. Elle apporte son concours dans la réalisation de leurs projets immobiliers.

Elle coordonne le développement et la gestion locative d’un parc de quelque 101.000 logements publics. Elle assure le financement des investissements, la stratégie et la gestion foncière indispensables aux activités du secteur. 

Elle agit également comme opérateur immobilier.
",Administration publique,SWL - Société wallonne du Logement,51-200 employés,"Charleroi, Région wallonne, Belgique",https://www.linkedin.com/sales/search/company?geoIncluded=100565514&keywords=gestion%20locative&searchSessionId=4LjE9GelQ6mqyIb05%2FYnXg%3D%3D,2021-10-25T12:29:42.857Z
https://www.linkedin.com/sales/company/2132130,2132130,https://www.linkedin.com/company/2132130,Voyages Léonard (LTI SA),https://media-exp1.licdn.com/dms/image/C560BAQHbb3jxFacU4g/company-logo_100_100/0/1519881094413?e=1643241600&v=beta&t=H52kkNBLVUzvVYR7MryKbBnMzE_yrFp61v_viQs44h8,"Aujourd'hui intégré au groupe luxembourgeois Sales-Lentz, Voyages Léonard a toujours investi sur le long terme et notre développement nous a discrètement amenés à devenir le numéro un de notre secteur. Un esprit d'entreprise fort, une gestion professionnelle, une famille Léonard soudée, des collaborateurs compétents unis autour du label ""Voyages Léonard"": l'implication de tous dans des valeurs éthiques de respect et d'honnêteté vis à vis de nos partenaires, voilà ce à quoi nous croyons! Un engagement fort basé sur la confiance d'une clientèle fidèle.

Depuis plus de 65 ans, l'entreprise a bâti sa réputation sur l'expertise du voyage en autocar et a diversifié ses activités. Aujourd'hui, elle est active dans : 
- la production et la commercialisation de voyages organisés (forfaits) en autocar, en avion, en formules autocar-croisières fluviales et de vacances individuelles en voiture en partenariat avec le réseau des agences de voyages de la Belgique francophone, du nord de la France et de la Lorraine. (tour-opérateur)
- la création et l'organisation de voyages à la carte pour groupes pré-constitués, aussi bien à l'incoming qu'à l'outgoing, et la gestion locative d'un parc de 32 autocars de luxe (service groupes). 
- la vente de voyages à forfaits de tous les voyagistes (agences de voyages)
 
Chaque jour constitue un projet nouveau, une énergie nouvelle, en vue de la satisfaction complète du voyageur.","Loisirs, voyages et tourisme",Voyages Léonard (LTI SA),51-200 employés,"Blegny, Région wallonne, Belgique",https://www.linkedin.com/sales/search/company?geoIncluded=100565514&keywords=gestion%20locative&searchSessionId=4LjE9GelQ6mqyIb05%2FYnXg%3D%3D,2021-10-25T12:29:42.857Z
https://www.linkedin.com/sales/company/825620,825620,https://www.linkedin.com/company/825620,Horizon Groupe,https://media-exp1.licdn.com/dms/image/C560BAQF6v4utm7KPzg/company-logo_100_100/0/1603705710644?e=1643241600&v=beta&t=I9Ol4Eu0Y2auMXNMExZqp5FqHDjpVLtLvP2GsIQNpw0,"Le groupe Horizon se positionne comme n°1 en Région liégeoise dans le domaine de la promotion immobilière.

Il regroupe un ensemble de sociétés qui réalisent des maisons et appartements neufs en Province de Liège selon des critères répondant à l'Innovation Durable.

Les bâtiments mis au point par le Groupe Horizon sont des constructions bioclimatiques, à très faible consommation énergétique, chauffées à l’énergie renouvelable et localisées à proximité des centres d’activités. Les réalisations s’inscrivent résolument dans un esprit innovant, contemporain et durable.

Désormais, Horizon se déploie également à l’international en étendant son activité vers de l’immobilier de bureaux et de commerces, mais également de l'immobilier de tourisme, loisirs, hôtels...

Le Groupe Horizon est également spécialisé dans les biens immobiliers conçus pour les investisseurs : un service complet de gestion locative, ainsi que des rendements garantis jusqu'à 4,5% sur certains biens spécifiques, vous assurent la meilleure rentabilité sans le moindre souci !

N'hésitez pas à prendre contact avec notre équipe commerciale, qui vous donnera tous les renseignements nécessaires : info@horizongroupe.com ou +32 4 223 37 35.",Immobilier,Horizon Groupe,11-50 employés,"Liège, Région wallonne, Belgique",https://www.linkedin.com/sales/search/company?geoIncluded=100565514&keywords=gestion%20locative&searchSessionId=4LjE9GelQ6mqyIb05%2FYnXg%3D%3D,2021-10-25T12:29:42.857Z
https://www.linkedin.com/sales/company/23204237,23204237,https://www.linkedin.com/company/23204237,ZAPINVEST,https://media-exp1.licdn.com/dms/image/C560BAQFCNMFLj2BE0Q/company-logo_100_100/0/1568888433434?e=1643241600&v=beta&t=htg_rF5C0k8rLlIh1emUa7OR0rS2OqLO-3vHTNjKSR0,"ZAPINVEST, est une agence immobilière spécialisée dans la commercialisation de biens immobilier en Espagne, sur la Costa del Sol, la Costa Calida, et la Costa Blanca.

Zapinvest se distingue par son offre ultra complète de services, autant avant l'achat (conseils, voyages de prospections, visites,..)  que après l'acquisition (Gestion locative, ameublement & travaux, accompagnement administratif,...

La compagnie s'adresse autant aux particuliers à la recherche du bien de leurs rêves au soleil qu'aux investisseurs désireux de diversifier leurs placements sur un marché en pleine croissance.

Grâce à sa présence sur le marché immobilier de la Costa Blanca et de la Costa del Sol depuis plus de 10 ans, Zapinvest s'est positionné comme un des principaux spécialistes belges du marché immobilier espagnol.",Immobilier,ZAPINVEST,11-50 employés,"Liège, Région wallonne, Belgique",https://www.linkedin.com/sales/search/company?geoIncluded=100565514&keywords=gestion%20locative&searchSessionId=4LjE9GelQ6mqyIb05%2FYnXg%3D%3D,2021-10-25T12:29:42.857Z
https://www.linkedin.com/sales/company/2758585,2758585,https://www.linkedin.com/company/2758585,Optimum-Invest,https://media-exp1.licdn.com/dms/image/C4E0BAQGbTo0bSHiQWg/company-logo_100_100/0/1519873528747?e=1643241600&v=beta&t=CTdHmVCcs32zN1fS1WoEEriAdkDwp-xRpTNNx-v24z4,"Optimum Invest: l'efficacité optimale, des résultats.
Le département OPTIMUM Invest est actif dans:

- la vente de biens d'investissements
- la cession de parts de société
- le property Hunting
- les solutions marchand de biens
- l'expertise de biens immobiliers
- la gestion privative
- la consultance

Fort de ses 20 ans d'expérience et de son réseau relationnel dans le secteur immobilier et financier, Optimum Invest vous fournira la solution idéale que se soit pour la vente d'un immeuble, la recherche d'un investissement efficient ou la gestion locative d'un patrimoine.

Notre objectif – encore renforcé par la crise: l'efficacité.

Contactez-nous:
info@optimum-invest.be

Av. Franklin Roosevelt, 108 - 1050 Bruxelles
Rue Louvrex, 98 - 4000 Liège",Immobilier,Optimum-Invest,1-10 employés,"Liège, Région wallonne, Belgique",https://www.linkedin.com/sales/search/company?geoIncluded=100565514&keywords=gestion%20locative&searchSessionId=4LjE9GelQ6mqyIb05%2FYnXg%3D%3D,2021-10-25T12:29:42.857Z
https://www.linkedin.com/sales/company/69394841,69394841,https://www.linkedin.com/company/69394841,DEFI Le Roeulx,https://media-exp1.licdn.com/dms/image/C4E0BAQEQ1_5g5RWr0A/company-logo_100_100/0/1598523464347?e=1643241600&v=beta&t=eYQqN30qsTC8cGdam2q9Cgi41OEC4hs6fNEPVFOsxR4,"Nous sommes à votre disposition pour réaliser votre projet immobilier 
- achat  -  vente  -  location  - gestion locative  
sur la ville de Le Roeulx et ses alentours.",Immobilier,DEFI Le Roeulx,1-10 employés,"Le Rœulx, Région wallonne, Belgique",https://www.linkedin.com/sales/search/company?geoIncluded=100565514&keywords=gestion%20locative&searchSessionId=4LjE9GelQ6mqyIb05%2FYnXg%3D%3D,2021-10-25T12:29:42.858Z
https://www.linkedin.com/sales/company/73016554,73016554,https://www.linkedin.com/company/73016554,Neufcoeur - Agence immobilière,https://media-exp1.licdn.com/dms/image/C560BAQGsUs_6s8lgAA/company-logo_100_100/0/1618311920859?e=1643241600&v=beta&t=cVAZbrQ_-BoPqNqXKaCSl1yNBW7DL113j26IZ-2vrRM,"Votre agence immobilière de proximité pour un service personnalisé?
Vente - Location - Gestion locative - Gestion de patrimoine immobilier - Gestion de chantier de rénovation - Conseils.",Immobilier,Neufcoeur - Agence immobilière,1-10 employés,"Neufchâteau, Région wallonne, Belgique",https://www.linkedin.com/sales/search/company?geoIncluded=100565514&keywords=gestion%20locative&searchSessionId=4LjE9GelQ6mqyIb05%2FYnXg%3D%3D,2021-10-25T12:29:42.858Z
https://www.linkedin.com/sales/company/37379580,37379580,https://www.linkedin.com/company/37379580,Contigo,https://media-exp1.licdn.com/dms/image/C4D0BAQGRDi1c5ZtK0Q/company-logo_100_100/0/1616507228936?e=1643241600&v=beta&t=LAsM3oZNHSGx5Fv6CUZ2SKX1wA92wAD722AW3FJaS3c,"Contigo (connue auparavant sous le nom de LGI Property Management) vous accompagne tout au long de la vie de vos investissements immobiliers. En voici les principales étapes :

ADMINISTRER LA GESTION LOCATIVE :
Contigo vous libère de toutes les contraintes liées à la gestion locative de votre patrimoine immobilier :

- détermination du montant des loyers sur base des rendements attendus et du marché locatif
- sélection de locataires fiables et solvables
- limitation des vacances locatives
- signature et enregistrement des baux
- assistance aux états des lieux d’entrée et de sortie
- représentation et défense de vos intérêts auprès des autorités administratives et des organes de la copropriété.

ADMINISTRER LA GESTION FINANCIERE :
Contigo vous garantit :

- la surveillance du paiement des loyers
- le calcul des indexations
- la vérification des factures
- la ventilation et la récupération des charges auprès des locataires. Les charges sont réparties en fonction des dispositions légales et des spécificités de chaque bail.
Par l’établissement régulier de décomptes et de rapports de gestion, nous vous assurons la maîtrise de vos investissements.

ENTRETENIR :
Contigo veille à la conservation et à la croissance de votre patrimoine immobilier :

- inventaire technique
- aide à la conception de plans pluriannuels d’investissements réalistes
- commande et suivi des travaux d’entretien et de rénovation
- maîtrise des coûts d’exploitation
- traçabilité des incidents
Par la sélection de fournisseurs référencés et la rigueur et la transparence des appels d’offres, nous vous garantissons la meilleure adéquation des ressources par rapport aux rendements définis.
",Immobilier,Contigo,1-10 employés,"Bruxelles, Région de Bruxelles-Capitale, Belgique",https://www.linkedin.com/sales/search/company?geoIncluded=100565514&keywords=gestion%20locative&searchSessionId=4LjE9GelQ6mqyIb05%2FYnXg%3D%3D,2021-10-25T12:29:42.858Z
https://www.linkedin.com/sales/company/73815817,73815817,https://www.linkedin.com/company/73815817,Brussels Key,https://media-exp1.licdn.com/dms/image/C560BAQEZ_11MDYftNw/company-logo_100_100/0/1619852445749?e=1643241600&v=beta&t=Gb8wJI9U9S7dHUN-I0pa4iGH1zzcd5Nss7FeEmx2Uy0,"Spécialiste sur Bruxelles
Vente - Sale
Location - Rental
Gestion locative - Property management
Evaluation - Estimation
Hunting",Immobilier,Brussels Key,1-10 employés,"Bruxelles, Région de Bruxelles-Capitale, Belgique",https://www.linkedin.com/sales/search/company?geoIncluded=100565514&keywords=gestion%20locative&searchSessionId=4LjE9GelQ6mqyIb05%2FYnXg%3D%3D,2021-10-25T12:29:42.858Z
https://www.linkedin.com/sales/company/18115025,18115025,https://www.linkedin.com/company/18115025,ORPIX Immo,https://media-exp1.licdn.com/dms/image/C4E0BAQH-5mv1yPLNfA/company-logo_100_100/0/1519874497887?e=1643241600&v=beta&t=LrbfSHyur5yhFHP31A23cFybX2vo2r2j1jAs8z-IbWo,"ORPIX, votre partenaire, qui vous accompagne lors de vos transactions immobilières en gestion locative, en vente, en location ou en investissement.",Immobilier,ORPIX Immo,1-10 employés,"Bruxelles, Région de Bruxelles-Capitale, Belgique",https://www.linkedin.com/sales/search/company?geoIncluded=100565514&keywords=gestion%20locative&searchSessionId=4LjE9GelQ6mqyIb05%2FYnXg%3D%3D,2021-10-25T12:29:42.858Z
https://www.linkedin.com/sales/company/18310162,18310162,https://www.linkedin.com/company/18310162,ACCORD IMMO Agence Immobilière,https://media-exp1.licdn.com/dms/image/C4E0BAQGuYzL9mDN9nQ/company-logo_100_100/0/1613593633180?e=1643241600&v=beta&t=JRuf7v3_XcmYDN6Z3QhUGWi2OB46LMEJLtmQFbW64CU,"Vente, location, gestion locative, conseil et accompagnement. L’immobilier représente le projet d’une vie, il ne se résume pas à placer une annonce sur internet.",Immobilier,ACCORD IMMO Agence Immobilière,1-10 employés,"Crisnée, Région wallonne, Belgique",https://www.linkedin.com/sales/search/company?geoIncluded=100565514&keywords=gestion%20locative&searchSessionId=4LjE9GelQ6mqyIb05%2FYnXg%3D%3D,2021-10-25T12:29:42.858Z
https://www.linkedin.com/sales/company/5351889,5351889,https://www.linkedin.com/company/5351889,Pilote Hunt & Invest,https://media-exp1.licdn.com/dms/image/C560BAQGNPckTmL3DcA/company-logo_100_100/0/1535461591998?e=1643241600&v=beta&t=-3q4pCYeBwkJXLbX2sK6MIbySGxx5apteF5-7njJZZo,"Hunt & Invest

Vous souhaitez compléter votre pension et/ou développer votre patrimoine immobilier ?

•	Vous manquez de temps et/ou d’expertise pour finaliser vos investissements;
•	Vous vous perdez dans l’opacité du marché « niche » des immeubles de rapport ;

Se donner les moyens de réussir commence par se faire bien accompagner:  

Let us Pilote your « Tailor Made » investment !


Stratégie d’investissement
•	Détention d’immeuble complet ;
•	Diversification du risque ;
•	Localisation & simplification de la gestion ;
•	Liquidité des biens via la division.

Se calquant sur l’approche du milieu financier, chaque projection ALL IN s’élabore minutieusement, tenant compte des critères des institutions financières les plus solides sur le territoire belge.

Pilote Hunt & Invest travaille en architecture ouverte, en partenariat avec un collège de professionnels du secteur, pour vous constituer un portefeuille immobilier de qualité.


Mission phase 1
> Recherche et sélection d’immeubles
> Valorisation-expertise et affinage de la sélection
> Négociation et finalisation des accords

(Optionnel)

Mission Phase 2
> Coordination de l’avant-projet au projet final, suivi de chantier jusqu’à réception

Mission Phase 3
> Coordination avec les prestataires pour les commercialisations et gestion locative

Mission Phase 4
> Coordination des actes de division & commercialisation (PME / Privé)
",Immobilier,Pilote Hunt & Invest,1-10 employés,"Bruxelles, Région de Bruxelles-Capitale, Belgique",https://www.linkedin.com/sales/search/company?geoIncluded=100565514&keywords=gestion%20locative&searchSessionId=4LjE9GelQ6mqyIb05%2FYnXg%3D%3D,2021-10-25T12:29:42.858Z
https://www.linkedin.com/sales/company/18758570,18758570,https://www.linkedin.com/company/18758570,Casalta Partners®,https://media-exp1.licdn.com/dms/image/C4E0BAQEVg7GVTNFxgw/company-logo_100_100/0/1628603516949?e=1643241600&v=beta&t=XPKGo1jTZjCovDotb-rm2RC-6by_YXI2Fc3-dMAoqbY,"Société immobilière bruxelloise dotée d'une connaissance approfondie du marché relatif à l'achat, la vente, la gestion locative de biens immobiliers d'entreprise et de ses réglementations (Région Bruxelles Capital & Région Wallonne).

Engagé dans l'établissement de relations durables, notre expertise en matière de logistique, et d'immobilier des PME tels que les locaux commerciaux, terrains, bureaux, entrepôts, parking privatifs, etc.; aide les porteurs de projets, les entreprises créées ou en création à aligner leurs besoins opérationnels aux dynamiques spatiales du tissu urbain et donc à optimiser l'utilisation spatiale leur activité.

Animés par ce qui influence positivement chaque projet professionnel, patrimonial, ou commercial, à savoir l'intégrité et l'excellence ; nos services d'accompagnement de projet, de gestion de biens, et de commercialisation sont personnalisés, mais aussi les meilleurs du marché.

Ouchêne Samir Broker, Property Manager & Real Estate Developer
Founder & Owner Casalta Real Estate
",Immobilier commercial,Casalta Partners®,1-10 employés,"Bruxelles, Région de Bruxelles-Capitale, Belgique",https://www.linkedin.com/sales/search/company?geoIncluded=100565514&keywords=gestion%20locative&searchSessionId=4LjE9GelQ6mqyIb05%2FYnXg%3D%3D,2021-10-25T12:29:42.858Z
https://www.linkedin.com/sales/company/27141118,27141118,https://www.linkedin.com/company/27141118,Attila - Immobilier résidentiel,https://media-exp1.licdn.com/dms/image/C510BAQEW8kM8H-jYRw/company-logo_100_100/0/1519872905872?e=1643241600&v=beta&t=-5WsCey955ZztSNOZ6NdQHMqSHO22r93HmZN2hqZSHI,"Attila est un bureau immobilier spécialisé dans le résidentiel. 
Créé en septembre 2017, c'est avant tout le fruit de 5 années d'expériences dans toute la Wallonie et à Bruxelles avec des agences immobilières de renommées national et international.

Nous travaillons la vente, la location, et la gestion locative.

L'envie d'offrir un service dynamique et personnalisé a poussé à la création de l'entreprise. 

Acheter ou vendre avec Attila, c'est réaliser une transaction immobilière en toute sérénité car les biens sont sélectionnés avec soins et les dossiers complets afin de pouvoir avancer en toute confiance dans un cadre légal sécurisé.

Vous souhaitez en apprendre davantage ? Rencontrons-nous !",Immobilier,Attila - Immobilier résidentiel,1-10 employés,"La Hulpe, Région wallonne, Belgique",https://www.linkedin.com/sales/search/company?geoIncluded=100565514&keywords=gestion%20locative&searchSessionId=4LjE9GelQ6mqyIb05%2FYnXg%3D%3D,2021-10-25T12:29:42.858Z
https://www.linkedin.com/sales/company/18039351,18039351,https://www.linkedin.com/company/18039351,Bel Assist,https://media-exp1.licdn.com/dms/image/C4E0BAQEJvbZqjhO-yQ/company-logo_100_100/0/1519877149283?e=1643241600&v=beta&t=ADoRW6fRY0v0wQg-DV5csrwGyttQc8AtT4PZxWNy_C4,"Bel Assist vous apporte des solutions adaptées et destinées à satisfaire vos besoins, tranquillité car vous n'aurez qu'un seul contact de gestion, confort technique pour vos biens immobiliers et sécurité en vous offrant un éventail de services répondant à vos attentes.

Grâce à notre approche exclusive, celle de proposer un panel de services pour vos biens immobiliers, nous sommes en mesure d’optimiser votre gestion technique locative qu’il s’agisse de résidentiel ou de biens professionnels. 

Bel Assist a été créé par pour apporter un service complet suite à de longues années de collaboration avec le secteur des assurances comme prestataires de services en alliant qualité et rapidité d’intervention ce qui a développé notre sens du savoir faire et du service 

Nos activités :

Nouvelles installations ( sanitaires, chauffage, électricité, finitions)
Rénovations 
Dépannage d’urgence
Entretien de tout type de chaudière partout en Belgique
Rapports PEB",Construction,Bel Assist,1-10 employés,"Bruxelles, Région de Bruxelles-Capitale, Belgique",https://www.linkedin.com/sales/search/company?geoIncluded=100565514&keywords=gestion%20locative&searchSessionId=4LjE9GelQ6mqyIb05%2FYnXg%3D%3D,2021-10-25T12:29:42.858Z
https://www.linkedin.com/sales/company/69845733,69845733,https://www.linkedin.com/company/69845733,Sardaigne INvEST,https://media-exp1.licdn.com/dms/image/C4E0BAQFw3_Wv3G3KWQ/company-logo_100_100/0/1599742519311?e=1643241600&v=beta&t=Ak0gJLym5JU44rocQ6NZ3hqLlC1c3iEGRYFvdB9sOSg,"Accompagnement et conseils lors de votre achat immobilier en Sardaigne. chasseur de biens/intermédiaire immobilier dans votre achat seconde résidence en Sardaigne. Gestion locative possible

Si vous pouviez acquérir une maison en Sardaigne en toute sécurité, profiter de la Dolce Vita italienne et bénéficier d'un rendement annuel de 5%, seriez-vous intéressés ?
Vous rêvez d'une maison/appartement/pied-à-terre au bord de la mer ? 
Vous aimeriez rentabiliser votre bien et pouvoir confier sa gestion à des professionnels de confiance
Vous souhaitez profiter de la vie maintenant .. mais acheter à l'étranger vous fait peur.
Suivez-nous et comme nous devenez des propriétaires heureux.

Nous connaissons le marché immobilier de la région, la législation locale, la langue et avons déjà vécu cette expérience avant vous.

Nous sommes à vos côtés sans frais supplémentaire pour vous accompagner de A à Z pour une transaction sans soucis

Séjour ""Découverte"" ou ""Premium"" organisé pour vous et avec vous

Services de gestion locative et de home manager possibles pour une tranquillité maximale toute l'année.",Immobilier,Sardaigne INvEST,1-10 employés,"Juprelle, Région wallonne, Belgique",https://www.linkedin.com/sales/search/company?geoIncluded=100565514&keywords=gestion%20locative&searchSessionId=4LjE9GelQ6mqyIb05%2FYnXg%3D%3D,2021-10-25T12:29:42.858Z
https://www.linkedin.com/sales/company/18110223,18110223,https://www.linkedin.com/company/18110223,AVDH sprl,https://media-exp1.licdn.com/dms/image/C4E0BAQEIemjB3sbAtA/company-logo_100_100/0/1519863062904?e=1643241600&v=beta&t=DLBTq9CemYvTNdkABLJ3NJcuAwC01_1DT9bAWw2ixfQ,"AVDH est une société d'immobilier composée de 3 pôles d'activités ! 

-Syndic : AVDH s'occupe de la gestion administrative, comptable et technique de votre copropriété.
-Immobilier: AVDH s'occupe de la vente ou location de biens à vendre ou à louer.
- Gestio : Gestion privative et locative de vos biens.

Vous l'aurez compris, en tant que propriétaire voulant être épaulé, AVDH est là pour vous aider dans vos projets immobilier en toute limpidité.",Immobilier,AVDH sprl,1-10 employés,"Liège, Région wallonne, Belgique",https://www.linkedin.com/sales/search/company?geoIncluded=100565514&keywords=gestion%20locative&searchSessionId=4LjE9GelQ6mqyIb05%2FYnXg%3D%3D,2021-10-25T12:29:42.858Z
https://www.linkedin.com/sales/company/17930273,17930273,https://www.linkedin.com/company/17930273,Brussels Exclusive,https://media-exp1.licdn.com/dms/image/C4D0BAQFKN9kEbDrZog/company-logo_100_100/0/1519952115503?e=1643241600&v=beta&t=BRvD_X90zTCjIz6n7GayDVF5LfBPs0m50k_jAltT8IQ,"Agence immobilière spécialisée dans la gestion locative des locations meublées court terme.

Brussels Exclusive est une agence immobilière spécialisée dans l’investissement immobilier en location meublée. Service clefs en main : conseil, achat, mise en location, gestion quotidienne du bien via notre service de conciergerie.",Immobilier,Brussels Exclusive,1-10 employés,"Bruxelles, Région de Bruxelles-Capitale, Belgique",https://www.linkedin.com/sales/search/company?geoIncluded=100565514&keywords=gestion%20locative&searchSessionId=4LjE9GelQ6mqyIb05%2FYnXg%3D%3D,2021-10-25T12:29:42.858Z
https://www.linkedin.com/sales/company/68566645,68566645,https://www.linkedin.com/company/68566645,Cogimmo Bruxelles,https://media-exp1.licdn.com/dms/image/C4D0BAQEjRS33tL7X0Q/company-logo_100_100/0/1600509251681?e=1643241600&v=beta&t=6rFDckGqBzYqrOAsP6TwBmU7SARIPDlRqFz51ObRx6E,"Simplifier la vie de nos clients.
Nous nous chargeons de tout, simplement et en toute sécurité.
Nous vous aidons à acheter ou à vendre votre bien.
Nous vous simplifions la vie en gérant vos biens pour vous, que ce soit une maison, un appartement, un immeuble de rapport ou un commerce.
Notre équipe de professionnels est à votre service en matière de gestion locative pour tout type de logement, vide ou meublé. Nous prenons en charge la recherche de locataire, la gestion administrative et comptable,
le virement des loyers sur votre compte...
Bref, nous sécurisons votre investissement au quotidien.",Immobilier,Cogimmo Bruxelles,1-10 employés,"Bruxelles, Région de Bruxelles-Capitale, Belgique",https://www.linkedin.com/sales/search/company?geoIncluded=100565514&keywords=gestion%20locative&searchSessionId=4LjE9GelQ6mqyIb05%2FYnXg%3D%3D,2021-10-25T12:29:42.859Z
https://www.linkedin.com/sales/company/28595084,28595084,https://www.linkedin.com/company/28595084,KF IMMO,https://media-exp1.licdn.com/dms/image/C4E0BAQG6g3Xd20L2_w/company-logo_100_100/0/1615210735297?e=1643241600&v=beta&t=vJQPY_5nvBmIXEQnCt-uln7ps4G3dGcn5Ys_VtDkB-w,"Une agence immobilière à taille humaine soucieuse de notre clientèle.
Spécialisée dans la vente, la location et la ge",Immobilier,KF IMMO,1-10 employés,"Frameries, Région wallonne, Belgique",https://www.linkedin.com/sales/search/company?geoIncluded=100565514&keywords=gestion%20locative&searchSessionId=4LjE9GelQ6mqyIb05%2FYnXg%3D%3D,2021-10-25T12:29:42.859Z
https://www.linkedin.com/sales/company/64815251,64815251,https://www.linkedin.com/company/64815251,Bureau d'affaires Lacroix,,"Spécialisée dans la gestion locative, notre équipe est à votre écoute. Nous pouvons vous apporter notre expérience et notre compétence afin de vous aider dans vos transactions immobilières.  ",Assurances,Bureau d'affaires Lacroix,,"Huy, Région wallonne, Belgique",https://www.linkedin.com/sales/search/company?geoIncluded=100565514&keywords=gestion%20locative&searchSessionId=4LjE9GelQ6mqyIb05%2FYnXg%3D%3D,2021-10-25T12:29:42.859Z
https://www.linkedin.com/sales/company/72684370,72684370,https://www.linkedin.com/company/72684370,OwnerSide,https://media-exp1.licdn.com/dms/image/C4D0BAQHXiq-7ENB9uQ/company-logo_100_100/0/1622798842821?e=1643241600&v=beta&t=TGQRR1j5U_B1s9XSohKDVTuPa1NOkSUYYXix-lmNffY,"OwnerSide est le professionnel de l'immobilier qui soulage les propriétaires de toutes les contraintes liées à la gestion locative.

Les propriétaires investisseurs peuvent désormais profiter de leurs biens immobiliers en toute tranquillité, en confiant la gestion locative de leur(s) bien(s) à un professionnel du secteur ayant à coeur de leur simplifier la vie.

Si vous souhaitez jouir des avantages financiers que vos investissements ont à vous offrir sans en subir les inconvénients, OwnerSide est LE partenaire idéal qui vous décharge de toutes les contraintes liées à la gestion locative tout en optimisant votre rentabilité. Grâce à notre large expérience dans le domaine et à notre réseau d'experts professionnels du secteur, nous vous assurons un service professionnel et transparent sur tous les aspects les plus chronophages (gestion locative, administrative, technique, comptable et juridique).

OwnerSide aligne ses intérêts avec les vôtres en se rémunérant au prorata de vos revenus locatifs réellement perçus.

Prenez contact avec nous pour un premier rendez-vous gratuit et sans engagement afin que vous puissiez vous faire votre propre idée des avantages que notre collaboration aurait à vous offrir !

contact@ownerside.be
www.ownerside.be",Immobilier,OwnerSide,1-10 employés,"Bruxelles, Région de Bruxelles-Capitale, Belgique",https://www.linkedin.com/sales/search/company?geoIncluded=100565514&keywords=gestion%20locative&searchSessionId=4LjE9GelQ6mqyIb05%2FYnXg%3D%3D,2021-10-25T12:29:42.859Z
https://www.linkedin.com/sales/company/79750665,79750665,https://www.linkedin.com/company/79750665,Sorimo Real Estate,https://media-exp1.licdn.com/dms/image/C4E0BAQEk8Bfzb1nYCw/company-logo_100_100/0/1627483626140?e=1643241600&v=beta&t=wp7UL_P8hk66PB-kASIZIbNLbPaEwvxFhb-lKDEjuHE,"Sorimo débute en 1975 à Bruxelles et a grandi avec le temps pour compter actuellement une quinzaine de personnes.
Notre équipe jeune et dynamique se compose de différents départements: Vente, location, gestion locative et projets neufs.
Tous nos agents immobiliers sont agréés par l'Institut Professionnel des Agents Immobiliers.
Nous sommes non seulement des professionnels de l'immobilier mais surtout des conseillers à part entière, à votre service.",Immobilier,Sorimo Real Estate,11-50 employés,"Bruxelles, Région de Bruxelles-Capitale, Belgique",https://www.linkedin.com/sales/search/company?geoIncluded=100565514&keywords=gestion%20locative&searchSessionId=4LjE9GelQ6mqyIb05%2FYnXg%3D%3D,2021-10-25T12:29:42.859Z
https://www.linkedin.com/sales/company/76149558,76149558,https://www.linkedin.com/company/76149558,CBI IMMO Meise,https://media-exp1.licdn.com/dms/image/C4D0BAQEN1oitCrJKVA/company-logo_100_100/0/1631873725746?e=1643241600&v=beta&t=Hf2Wrd0BsFSLspQfqYMFJzGewGI2ThJ3aUshzUGZI5I,"CBI IMMO is één van de oudste en grootste vastgoedkantoren in Vlaams-Brabant. In de kantoren te Strombeek, Meise en Vilvoorde kan u terecht bij onze erkende makelaars voor bemiddeling bij verkoop en verhuur, schatting van uw eigendom, verhuurbeheer, aankoop van nieuwbouw ... zowel voor residentieel als bedrijfsvastgoed. 

CBI IMMO est l'une des plus anciennes et des plus grandes agences immobilières du Brabant flamand. Dans nos bureaux de Strombeek, Meise et Vilvorde, vous pouvez contacter nos courtiers agréés pour une médiation en vente et location, évaluation immobilière, gestion locative, achat de nouvelles constructions,... Pour l'immobilier résidentiel et commercial. 
___________________________________________________________

- KANTOOR MEISE - 

✅ Erkend vastgoedmakelaar CIB - BIV
💼 Zaakvoerder : Christine Adriaens - Expert Onroerende Goederen - BIV 502.947

Nieuwelaan n°58
1860 Meise

📞 Tel 02 262 45 78
🖨 Fax 02 267 75 22
📩 meise@cbi-immo.be

⌚ Openingsuren :

Maandag: 09u tot 12u30 - 14u tot 17u
Dinsdag: 09u tot 12u30 - 14u tot 17u
Woensdag: 09u tot 12u30 - 14u tot 16u
Donderdag: 09u tot 12u30 - 14u tot 17u
Vrijdag: 09u tot 12u30 - 14u tot 17u
Zaterdag: enkel op afspraak

📢 GESPROKEN TALEN : Frans - Nederlands - Engels
___________________________________________________________

- AGENCE MEISE - 

✅ Immobilier Agréé par CIB - IPI
💼 Gérant : Christine Adriaens - Expert Immobilier - IPI 502.947

Nieuwelaan n°58
1860 Meise

📞 Tel 02 262 45 78
🖨 Fax 02 267 75 22
📩 meise@cbi-immo.be

⌚ Heures d'ouverture:

Lundi: 09h jusqu'à 12h30 - 14h jusqu'à 17h
Mardi: 09h jusqu'à 12h30 - 14h jusqu'à 17h
Mercredi: 09h jusqu'à 12h30 - 14h jusqu'à 16h
Jeudi: 09h jusqu'à 12h30 - 14h jusqu'à 17h
Vendredi: 09h jusqu'à 12h30 - 14h jusqu'à 17h
Samedi: uniquement sur rendez-vous

📢 LANGUES PARLEES : Français  - Néerlandais - Anglais ",Immobilier,CBI IMMO Meise,1-10 employés,"Meise, Région flamande, Belgique",https://www.linkedin.com/sales/search/company?geoIncluded=100565514&keywords=gestion%20locative&searchSessionId=4LjE9GelQ6mqyIb05%2FYnXg%3D%3D,2021-10-25T12:29:44.877Z